"Guid","IsActive","Pricebook2Id","Product2Id","UnitPrice","UseStandardPrice"
01642b29-d75b-4405-afb3-09531dca06c3,true,84119241-b29c-4a1e-8e5c-d57264bbb7a5,af930148-1722-4eaa-81de-a68788d206cc,2047.47,false
018459c3-e2c6-47c7-af58-fb834a19f14e,true,0a4ccbb2-3352-4b7b-a871-e89543319f64,ef42e1d0-6792-4940-b950-c6413e3ba423,276.61,false
01874257-d7e9-43bf-b262-b6dbb0e15d32,true,0a4ccbb2-3352-4b7b-a871-e89543319f64,97fe091d-6f36-4f79-b99d-5d65e8cc9d8b,347.5,false
0235a257-bf6c-48ce-8476-ca10eecbb885,true,0a4ccbb2-3352-4b7b-a871-e89543319f64,d2b4eb54-2e84-4bb3-952c-3ae27b1cd1f3,56.99,false
0242c6f7-2659-4413-9ae8-9db15f671830,true,84119241-b29c-4a1e-8e5c-d57264bbb7a5,e5de32b4-b21f-4d97-91c6-726c944d176d,6950.0,false
02808182-3416-4648-b52e-f96487777ec2,true,84119241-b29c-4a1e-8e5c-d57264bbb7a5,cc012f1d-d2ed-4fe9-82b8-53131790262b,1559.58,false
02d0281a-4e4b-428f-ac81-e42f920459cc,true,0a4ccbb2-3352-4b7b-a871-e89543319f64,8850ba37-3f37-4e87-956b-219c770557c9,221.01,false
036968fb-f78a-43e6-b23a-bcf6ce07469c,true,84119241-b29c-4a1e-8e5c-d57264bbb7a5,dc18c5c6-c73b-462e-ab0e-b628c60837ea,0.0,false
0472b42e-0773-4cae-9fb1-5610cd3df7c0,true,84119241-b29c-4a1e-8e5c-d57264bbb7a5,cff28165-c945-4e81-b1c9-e1d8e950f243,16680.0,false
051d1509-b66f-4879-96f7-4f3c955784ce,true,0a4ccbb2-3352-4b7b-a871-e89543319f64,9483b186-f7f0-4cfd-ad9b-bb5d10fee292,4029.61,false
07a8c9ec-bcaf-4b96-ada8-66eec8bf7bd2,true,84119241-b29c-4a1e-8e5c-d57264bbb7a5,d4be375a-e7d2-4427-884f-aa5d0b626707,139.0,false
086f8238-e707-4e0c-8d2b-47ed6276d497,true,0a4ccbb2-3352-4b7b-a871-e89543319f64,f2904cab-d338-4ce0-9017-02ec02ff0a18,1202.35,false
08bff0bc-51ba-4b55-9c6b-d2a2f20b12fe,true,84119241-b29c-4a1e-8e5c-d57264bbb7a5,7e882d9d-9f88-4da7-a6d0-c0226fec9623,931.3,false
09fa7f5a-6151-47ba-a3af-3b79c5dc88d9,true,84119241-b29c-4a1e-8e5c-d57264bbb7a5,dfe02f4a-9d24-4b93-991c-84f65432ceca,1202.35,false
0a8015ca-863e-44f4-a451-6e8e1d347674,true,84119241-b29c-4a1e-8e5c-d57264bbb7a5,1025ac2d-167e-4d20-9b88-fe4efa6ac239,56.99,false
0aae508b-5a33-4f0b-8eb4-4ecc9e08dc19,true,0a4ccbb2-3352-4b7b-a871-e89543319f64,ff7e4f28-071e-4ca6-9d9d-39c153045f9c,69.5,false
0ae738ec-7ac1-4680-bce6-232d1e07db79,true,84119241-b29c-4a1e-8e5c-d57264bbb7a5,ac67d9f0-8673-4f2d-96f7-57efcb4f2fb8,139.0,false
0afc31f0-a138-4812-9480-3de934e68ce0,true,84119241-b29c-4a1e-8e5c-d57264bbb7a5,8d1afac9-9f46-410e-8f5e-84afca6c5b1d,11.0505,false
0ba4c36c-65ed-4524-abb6-ddb095b1cd8d,true,0a4ccbb2-3352-4b7b-a871-e89543319f64,a4be7828-c804-4a1d-9e15-8c41ff80e91a,111.2,false
0bf7aa5b-53f5-4046-8bda-38a38748c9ed,true,0a4ccbb2-3352-4b7b-a871-e89543319f64,d6a00f9e-3f2f-4d31-9b13-cd3a270f930c,4110.23,false
0bfd13f0-0f4a-4268-97a2-2ebc4657f7bb,true,84119241-b29c-4a1e-8e5c-d57264bbb7a5,3753a462-698d-469d-a72a-8f56f48b59f3,708.9,false
0c6ff908-8c21-465b-9ba6-2156fbccdb11,true,84119241-b29c-4a1e-8e5c-d57264bbb7a5,83bf2678-b2e1-4580-9fec-82862d442ca6,208.5,false
0ca47564-0ccc-4423-9edf-ca171c330bad,true,84119241-b29c-4a1e-8e5c-d57264bbb7a5,ddbc3438-5a42-4a46-a023-a67a368c8cde,0.0,false
0d24d63a-ee22-48e5-a81d-624ae9582459,true,84119241-b29c-4a1e-8e5c-d57264bbb7a5,588c721c-c3e9-478f-84d7-7053a1eb9c5b,12.51,false
0d34894d-2b22-486b-9ed2-bf04591198d6,true,0a4ccbb2-3352-4b7b-a871-e89543319f64,dca42cbf-a0ae-4432-bf7a-d0776d2515e8,139.0,false
0d944561-1729-4aac-ad84-59a308676871,true,84119241-b29c-4a1e-8e5c-d57264bbb7a5,b966963a-f125-447b-ae83-2a303edd5970,729.75,false
0e5400c8-6472-4fda-aa76-bafee7e0e154,true,0a4ccbb2-3352-4b7b-a871-e89543319f64,5c467e8c-5037-49c0-8378-9ba4183301ab,11120.0,false
0e59a900-4181-4ffe-9e49-d5d9d49eb556,true,84119241-b29c-4a1e-8e5c-d57264bbb7a5,cb924b6e-c12c-42d8-a255-81fff2af375d,834.0,false
0f9f073e-1d1d-4af4-967a-ebea407bcc83,true,84119241-b29c-4a1e-8e5c-d57264bbb7a5,aa5b8b6c-3ecc-40b4-8022-e351cfa6b117,27800.0,false
0fdc1b68-e100-4380-91fe-3004002e2bd4,true,0a4ccbb2-3352-4b7b-a871-e89543319f64,ab3e530a-238f-42fc-8aab-25ae7305b9ea,695.0,false
10760f5c-0337-4399-a0e2-1997df418d98,true,0a4ccbb2-3352-4b7b-a871-e89543319f64,1dca29af-5739-48ee-ac0d-deedf54cb949,2047.47,false
11f83d03-3a33-4aba-920b-88bdd398caf1,true,84119241-b29c-4a1e-8e5c-d57264bbb7a5,7da07b95-041c-4b60-adfd-85c5f2fe3d8d,139.0,false
122c0913-9255-4fb8-9fba-9bbd139dbe5e,true,0a4ccbb2-3352-4b7b-a871-e89543319f64,ea20a166-83ca-4e8f-9f94-2acebc96e204,16680.0,false
12787c1a-df28-4cab-9595-81fe162fe0b5,true,84119241-b29c-4a1e-8e5c-d57264bbb7a5,958fb92e-2703-4110-bd1d-d922d9f702b3,0.0,false
14766f58-ecc0-4462-bf33-b4b661605d47,true,84119241-b29c-4a1e-8e5c-d57264bbb7a5,504ca65d-5acf-4d33-9704-e8cbd1c3d95a,312.75,false
14f5cc53-d1a6-4a63-b009-552dd0db4022,true,0a4ccbb2-3352-4b7b-a871-e89543319f64,c3dd031c-bd17-4ad2-9301-db5459eac43e,0.0,false
1518b778-3425-4c88-8beb-49c29ee88b4d,true,0a4ccbb2-3352-4b7b-a871-e89543319f64,7d8fd83a-3d80-4756-b648-594ccc121da5,0.0,false
16e727b0-13b3-4e7e-9a0f-e440c48c6b35,true,0a4ccbb2-3352-4b7b-a871-e89543319f64,394520a2-fef3-479b-a676-ec1cbee9fc24,40.31,false
172c4c6a-80cb-4eb2-82f1-a45409e0fc70,true,84119241-b29c-4a1e-8e5c-d57264bbb7a5,998b785f-6c1a-4d52-99ff-fa8908a958d5,1390.0,false
174f4400-959d-4715-bfc7-2f304de086a9,true,84119241-b29c-4a1e-8e5c-d57264bbb7a5,3b1611fc-8214-434d-bb82-e7476d430f39,1559.58,false
1790d611-b238-49d8-b59b-d430f7c1427d,true,0a4ccbb2-3352-4b7b-a871-e89543319f64,9b1b09d5-8e6f-4a9e-9f27-76807ac72eb3,3686.28,false
17fe03f2-efc4-4ca7-b263-a9426f69aa4d,true,84119241-b29c-4a1e-8e5c-d57264bbb7a5,5dfc0643-f7b1-4abe-859e-02a012496473,0.0,false
186efa7d-df10-488c-8deb-b70fcc5610c4,true,84119241-b29c-4a1e-8e5c-d57264bbb7a5,9d785bb3-741d-49be-8ba2-3e15576cebc3,13.9,false
197b763c-f67c-460f-9dea-a8ca64fdf76a,true,0a4ccbb2-3352-4b7b-a871-e89543319f64,a38692c5-5eed-4966-a99e-72073a3e9eb5,764.5,false
1a04317c-4393-4ec8-807f-b99b02d5ce02,true,84119241-b29c-4a1e-8e5c-d57264bbb7a5,f51a7e6e-d294-4ed1-a288-c1b20269f3b1,16680.0,false
1badb093-7652-42c0-be36-0ce110ad7842,true,0a4ccbb2-3352-4b7b-a871-e89543319f64,a9b9fa05-3191-4e0b-a57b-7a61f269a8eb,347.5,false
1bcd54b1-b89c-4a08-8677-893ee5132184,true,0a4ccbb2-3352-4b7b-a871-e89543319f64,51ab6e5f-9e0c-4e15-a62a-bc19d6577018,3614.0,false
1dcc7eff-354e-42d0-aea8-70e48a35857d,true,84119241-b29c-4a1e-8e5c-d57264bbb7a5,3670d715-c99f-4e95-bec6-1a912385490b,50.04,false
20a517cc-06b5-4629-a789-5666f55c5255,true,0a4ccbb2-3352-4b7b-a871-e89543319f64,f4260e48-8118-41ac-bf58-2f2d262f2ad4,3475.0,false
21abde09-c6b8-4357-9775-6e49dc6094cf,true,0a4ccbb2-3352-4b7b-a871-e89543319f64,fff87407-ff79-4b1b-b20e-bdf5cec3f6b6,708.9,false
21d9bc13-36ba-430a-9de4-8645b11a42c6,true,0a4ccbb2-3352-4b7b-a871-e89543319f64,e8352367-ac54-4383-9fb2-666e5c3f4b9f,9730.0,false
23bc30c3-29d8-43ae-afa1-24b9c9d472de,true,84119241-b29c-4a1e-8e5c-d57264bbb7a5,29dc8869-490c-477b-978d-838853f2702f,139.0,false
241215de-5e3f-4932-ba9e-761e0e2b8b99,true,0a4ccbb2-3352-4b7b-a871-e89543319f64,7a2894c4-f275-449d-af92-52abc2612828,6950.0,false
252b94d7-443c-4b63-952b-5e243dd43d18,true,0a4ccbb2-3352-4b7b-a871-e89543319f64,75e967db-63b7-4211-a8fd-fa9b39eda646,208.5,false
25461a38-cf5c-474c-8b1a-69c1b2a6ced6,true,0a4ccbb2-3352-4b7b-a871-e89543319f64,1be0af36-df64-4b89-9257-2ca202256fe1,3686.28,false
2600c250-34ba-48b9-a08d-6b67300dd683,true,84119241-b29c-4a1e-8e5c-d57264bbb7a5,f4540604-5b4b-4434-81f3-b2acba08d940,347.5,false
26d5495f-30f8-43ea-9ced-61728f6a3be6,true,84119241-b29c-4a1e-8e5c-d57264bbb7a5,90ba1c76-4a65-4ff2-915d-d810c948ea7b,415.61,false
27a497bb-6dc4-4725-8a46-88dccd08a4b8,true,0a4ccbb2-3352-4b7b-a871-e89543319f64,820c9ab3-e914-4657-8b45-05007688026f,7810.0347,false
29a6ef04-06a6-4d44-b52e-1f14b27bfd1f,true,84119241-b29c-4a1e-8e5c-d57264bbb7a5,33630490-89fe-442e-9b64-b72c22c0221e,278.0,false
2ccff738-298b-46af-bf51-1a4abeef17d9,true,0a4ccbb2-3352-4b7b-a871-e89543319f64,38b05cef-6d75-465c-bfab-ea2df69be2e0,18.07,false
2eac1806-3e3e-4394-a27d-501bc3450c9a,true,0a4ccbb2-3352-4b7b-a871-e89543319f64,70537416-4a40-4031-b074-295da4f3dec4,312.75,false
30908984-cc05-4ee3-8a7a-5b0ba8ccfebe,true,84119241-b29c-4a1e-8e5c-d57264bbb7a5,fa9a3ab3-2ab6-4e58-a387-855d5c6c0085,926.4211,false
30f16902-c7d5-413b-b985-2643dd17398e,true,84119241-b29c-4a1e-8e5c-d57264bbb7a5,de714f47-4abc-4cde-87f9-2191e4d21032,1912.084,false
31fe5cc5-4ff6-430b-805e-a603cdbc6492,true,0a4ccbb2-3352-4b7b-a871-e89543319f64,ac3bab5b-bd56-43a9-b526-a6cfb49edced,8340.0,false
32310f9a-e968-4cfd-ba19-f0694a9a242c,true,84119241-b29c-4a1e-8e5c-d57264bbb7a5,c40eec29-a0f1-42fd-ae37-642c5885e295,139.0,false
337aa895-0cc3-41b0-b110-5241c468edea,true,0a4ccbb2-3352-4b7b-a871-e89543319f64,0342419e-938f-4559-8a16-0a60d3cd173d,1559.58,false
33820aea-34b6-4aa4-9f54-e7a641a95312,true,84119241-b29c-4a1e-8e5c-d57264bbb7a5,0e4d0b3b-8539-4d80-af1e-8b9158f51e3a,13900.0,false
361cbf22-1150-468d-82bd-bb5c7a5bc6b5,true,0a4ccbb2-3352-4b7b-a871-e89543319f64,c7c04a66-a173-4815-ac78-0371c2b97b12,0.0,false
36ada605-a028-4970-a776-b41241f6963e,true,0a4ccbb2-3352-4b7b-a871-e89543319f64,65c00372-c435-4b0c-8209-47e4d71b6d43,351.67,false
3727eaaa-c0a9-4681-ab13-23a69f59a5a1,true,84119241-b29c-4a1e-8e5c-d57264bbb7a5,15914798-68d3-4aee-8cc8-0d4f40ec9787,139.0,false
37e211a7-dd7d-4c87-84a0-61a19a2746fc,true,0a4ccbb2-3352-4b7b-a871-e89543319f64,107c4fda-5e09-462a-b00a-fcc5d0ad797c,667.2,false
385c07fa-1de8-44a6-8068-93507ac84a15,true,0a4ccbb2-3352-4b7b-a871-e89543319f64,0a789d8c-3e60-43ef-bfe5-4dbfbdb66cb4,729.75,false
3862e8b5-caa0-44ec-acfc-8d453c348d5b,true,84119241-b29c-4a1e-8e5c-d57264bbb7a5,d3683ab4-033b-44b5-901e-d35b4e616188,139.0,false
38b5a62b-9fec-41d7-802a-5cc4987d2dd5,true,84119241-b29c-4a1e-8e5c-d57264bbb7a5,d7223feb-0d8e-4eb4-9810-0fcb21cc95da,416.9861,false
3a30714d-8bf8-4dcd-8ce2-14aca164849f,true,0a4ccbb2-3352-4b7b-a871-e89543319f64,9b9bf5c9-f742-482f-9563-8330427abe19,276.61,false
3b76193b-a3d8-4327-8f3f-f844b1b2eea1,true,84119241-b29c-4a1e-8e5c-d57264bbb7a5,9023bce5-9818-446f-897a-3c9f3deefbfa,5560.0,false
3d5159d9-e8f5-4620-a390-f2a0cedd3cb4,true,0a4ccbb2-3352-4b7b-a871-e89543319f64,e75c5f59-1572-4450-b309-976edcb98147,347.5,false
3dacfe9d-df2c-4297-80d9-b2be0893dcd2,true,0a4ccbb2-3352-4b7b-a871-e89543319f64,02448bcb-69fc-4959-9581-1354734c2073,139.0,false
3fd1a371-7d01-4f4a-9cb4-66fb20a233f5,true,84119241-b29c-4a1e-8e5c-d57264bbb7a5,23429d4d-c76c-4a33-9e07-c865031b20ac,6950.0,false
40027d36-1993-4144-a406-6a7659c93c77,true,0a4ccbb2-3352-4b7b-a871-e89543319f64,e36eb521-c15f-4ef0-95af-b036fb7f7226,16680.0,false
42b6dbac-c8b6-4bcf-911a-d2fe94c97365,true,84119241-b29c-4a1e-8e5c-d57264bbb7a5,cccc1040-e8af-4bfb-aeb8-536afad16cce,1202.35,false
43a661fe-c024-4e81-9d1b-d9a4a436ca08,true,84119241-b29c-4a1e-8e5c-d57264bbb7a5,55e12d27-333b-4012-9c25-5f4e98d222cd,2780.0,false
441165c4-3438-4910-a6c3-5b62667f0461,true,84119241-b29c-4a1e-8e5c-d57264bbb7a5,4bc42deb-6650-44e6-ae9f-4b27ec352a73,69.5,false
44eeceed-2846-4448-80f6-e92352a8904e,true,84119241-b29c-4a1e-8e5c-d57264bbb7a5,2cc0d252-bbb3-442f-8fab-bfb573dabd86,1.7375,false
4537d29a-42b4-4bc0-836f-a8e56b409eec,true,0a4ccbb2-3352-4b7b-a871-e89543319f64,324a627e-9a57-4cae-ae6f-caf582e5e5ff,2780.0,false
45a13515-8296-4426-affe-ba2eb632840a,true,0a4ccbb2-3352-4b7b-a871-e89543319f64,6157dc3e-a80e-45c0-8044-abbc6350d6d2,34.75,false
471c46c1-4aba-48df-b78c-0e20192f4932,true,84119241-b29c-4a1e-8e5c-d57264bbb7a5,fea486a8-a68c-4d39-923b-d37f5673bae0,34.75,false
47d77cb3-54eb-4286-9cbc-34cdeedab5ae,true,0a4ccbb2-3352-4b7b-a871-e89543319f64,41c5769f-b07d-4ef6-8175-bf195e2f5b51,6950.0,false
47e848b9-8c4e-4c43-a214-d42ad2e89b77,true,84119241-b29c-4a1e-8e5c-d57264bbb7a5,72d883a7-cabb-4012-afba-7d57b34d179f,4110.23,false
48565385-11af-4b5d-94bb-7ccfeeff8c74,true,84119241-b29c-4a1e-8e5c-d57264bbb7a5,a2f42ff5-fb17-41c9-9412-b1a9329898e4,695.0,false
4870037d-f73a-4a0a-bd0c-41c2e653a139,true,0a4ccbb2-3352-4b7b-a871-e89543319f64,54313715-2e8f-4b74-93f6-893f9c2b2b79,1202.35,false
48fdddf9-ec4b-4639-b2a3-b3ac15018755,true,84119241-b29c-4a1e-8e5c-d57264bbb7a5,f9fe5549-40db-4d1d-8715-af03a2e990d1,369.74,false
49bd0fe7-0926-44ca-9279-2a8c6f88c381,true,84119241-b29c-4a1e-8e5c-d57264bbb7a5,097cb94b-9306-40c7-a077-793c9715c492,208.5,false
49fd486d-b459-4314-9aa7-e3c11d8a84d8,true,84119241-b29c-4a1e-8e5c-d57264bbb7a5,f0113cd0-f064-42b8-aed2-02d8156a2ba4,2780.0,false
4aa3f05b-b846-4710-884f-39e9bdb0451f,true,0a4ccbb2-3352-4b7b-a871-e89543319f64,12bde280-39ca-41d2-9b42-9298d78ee7b0,2780.0,false
4bd8410d-8216-4761-b316-ef189f6fb6b0,true,0a4ccbb2-3352-4b7b-a871-e89543319f64,95fbe053-d1a9-46e7-9e81-13690d85aa3f,208.5,false
4c5645e7-1122-45d7-a981-9ff318487fd2,true,0a4ccbb2-3352-4b7b-a871-e89543319f64,0b36f063-3e63-4b8b-92ef-10f5bd01e414,0.0,false
4d02c209-dfe5-4a64-87c2-ac8f72f1bfa0,true,0a4ccbb2-3352-4b7b-a871-e89543319f64,15eae46c-b542-4fb6-9fa8-4da60c5b9e3c,729.75,false
4d1aa7f3-4d50-4a1e-99db-d5ea8ca8a0e1,true,0a4ccbb2-3352-4b7b-a871-e89543319f64,571eb8dc-bba2-4b51-b7ec-8c84c1a72a1b,619.94,false
4d47bc14-f76f-4e17-9a69-d067ee77843f,true,84119241-b29c-4a1e-8e5c-d57264bbb7a5,2251c175-e711-4919-96bf-36ebaa3c8891,16.68,false
4dae4839-0be4-4e71-9083-388d757e9981,true,84119241-b29c-4a1e-8e5c-d57264bbb7a5,1b5a97bc-ad6b-4ad8-954f-e03807147349,33360.0,false
4def05c5-21d0-4dd8-99b1-8bd4a4512f63,true,84119241-b29c-4a1e-8e5c-d57264bbb7a5,3fee7960-4c54-41dc-9a9b-ffbeb41f798e,1790.32,false
4e616999-db96-4f73-a457-bf2fd3d059d4,true,0a4ccbb2-3352-4b7b-a871-e89543319f64,63cc4293-8e37-47c5-b2e0-d4c91eec70f2,312.75,false
4e68d1c7-4c49-4ce2-8fe0-0636cbda7ee6,true,84119241-b29c-4a1e-8e5c-d57264bbb7a5,ae32c08e-687e-40dd-905a-8fba2393f96d,276.61,false
4eb8db40-57f5-4b20-9681-8209a3ad6cbe,true,0a4ccbb2-3352-4b7b-a871-e89543319f64,c0e5e901-f644-48e7-8e7a-470c8bd5faf3,27800.0,false
4ecf0d4c-4749-4ff7-9f57-d88765d10f9d,true,0a4ccbb2-3352-4b7b-a871-e89543319f64,290f7c93-331d-4500-b618-3971801d050c,0.0,false
4eef9482-5647-4f13-90d6-0718b1f4bc85,true,0a4ccbb2-3352-4b7b-a871-e89543319f64,0eca1f93-4b0f-4bc1-becd-2cffd8bcb08e,1069.605,false
4f905385-1179-4f52-aad6-2675260845fa,true,84119241-b29c-4a1e-8e5c-d57264bbb7a5,cb3b4c92-58a3-4b24-8f2f-8783339f9e14,347.5,false
4fa9be3e-5ce2-4503-a03e-12c88ff3435c,true,84119241-b29c-4a1e-8e5c-d57264bbb7a5,8cce88d6-84bc-47ea-b02b-3f9f18fa3776,11120.0,false
4fd7bf43-4898-4398-99f8-f937aa9fdd3e,true,0a4ccbb2-3352-4b7b-a871-e89543319f64,979ff454-88dc-477e-9721-1e2d24b1d8b1,139.0,false
5041c468-0f38-4c34-b51f-35929b5330a7,true,0a4ccbb2-3352-4b7b-a871-e89543319f64,e048e37f-4c6d-4578-bcd2-5728513dc7cd,56.99,false
5125ede3-8dd7-4d5f-bc29-4566f6e10ddc,true,84119241-b29c-4a1e-8e5c-d57264bbb7a5,8ec80b60-889c-42b5-83ab-6193c7590b1d,347.5,false
52ee3bf7-7c5c-4219-94c3-6c7747678715,true,84119241-b29c-4a1e-8e5c-d57264bbb7a5,63b181e1-2d5b-478b-a67c-6f446874a68b,83.4,false
53adb987-013b-42be-ae0d-d687a1115e62,true,84119241-b29c-4a1e-8e5c-d57264bbb7a5,02cc0708-4a88-4a7d-b8ac-2f0deead261d,554.61,false
54256a45-3a62-4257-b856-c0e3ddc485cb,true,0a4ccbb2-3352-4b7b-a871-e89543319f64,e2591300-8a57-45d4-b7c0-4b174a1914c2,931.3,false
549e2158-34bc-41a1-95db-039ca4816965,true,0a4ccbb2-3352-4b7b-a871-e89543319f64,e20fca26-f879-4fa9-a62f-3a5721414e64,33360.0,false
54b2106b-650d-4c47-8f6e-92e71d510a55,true,0a4ccbb2-3352-4b7b-a871-e89543319f64,5e65d4ab-6aa8-4e3c-a57a-64ebdb4d9608,1.39,false
562eea5c-78c9-44f0-90fb-a192aaad8104,true,0a4ccbb2-3352-4b7b-a871-e89543319f64,5b20572b-128b-4835-b8cd-5e48da479b91,7645.0,false
568f22ec-89d0-4932-9644-d12196ebba26,true,0a4ccbb2-3352-4b7b-a871-e89543319f64,c4f3345b-3bb6-4be6-bb1f-922db6ca05b9,1790.32,false
56c7367a-8d6b-4032-9bd6-85b3ceb1904f,true,0a4ccbb2-3352-4b7b-a871-e89543319f64,821b1f7a-ce24-401b-8979-b84ce2b9b116,27800.0,false
5883e2c2-5f9e-4bc4-ac40-88a4fc25a045,true,84119241-b29c-4a1e-8e5c-d57264bbb7a5,4228cebf-8d94-484b-a4e9-7afe3a341990,221.01,false
5a1b7b0e-fa19-476b-811b-b9e192037a97,true,0a4ccbb2-3352-4b7b-a871-e89543319f64,d3931024-abb1-4dec-a3d2-cbb2a968d256,13900.0,false
5b5e9b55-26e6-40aa-a3a3-297dd7e0cc43,true,0a4ccbb2-3352-4b7b-a871-e89543319f64,4c85347e-62f3-445c-b1c5-293d0494bada,20.85,false
5c1bf74c-7f0d-482d-bdf8-660b2b30b4db,true,84119241-b29c-4a1e-8e5c-d57264bbb7a5,1fda6899-3709-4363-9a6f-c1d85e0c6793,1390.0,false
5c21a314-01cf-4df8-b64d-cb27c213e253,true,84119241-b29c-4a1e-8e5c-d57264bbb7a5,b607877b-6f9e-43ce-a9f5-38e0a07ee565,3614.0,false
5c438c1d-8a02-4078-8329-86b7db5a1966,true,0a4ccbb2-3352-4b7b-a871-e89543319f64,22fcb69f-bb93-47b0-842e-65faadc0bf16,139.0,false
5d86d2e1-3a15-4469-8cd0-23d74ab36e45,true,84119241-b29c-4a1e-8e5c-d57264bbb7a5,cbf83861-4fe3-4970-acdb-7d42a8320c58,7645.0,false
5dda4e18-e858-4f71-b843-64ee95544052,true,0a4ccbb2-3352-4b7b-a871-e89543319f64,c1f5aaa3-94d5-45c4-a192-0f2de9662d4f,0.0,false
5de314ab-d47b-44c0-a0a9-707e63fccdb9,true,0a4ccbb2-3352-4b7b-a871-e89543319f64,ac93ee7a-4219-4b96-86fb-220633820e47,764.5,false
5de5080c-ebe2-4f69-90b6-8691c02d9cde,true,0a4ccbb2-3352-4b7b-a871-e89543319f64,54875ef1-129b-41cb-abb8-0006e4e60838,0.0,false
5e6dd75b-2471-444a-bf8e-fbf9b409f7f3,true,84119241-b29c-4a1e-8e5c-d57264bbb7a5,03f9cddd-d50f-4334-bf80-fc094f6d4df0,173.75,false
5ecc62d9-565a-490a-b40a-f5e2aa26c73e,true,84119241-b29c-4a1e-8e5c-d57264bbb7a5,528596c9-f9f9-43fa-9a08-b479ac62e25c,729.75,false
5f17148b-8077-4efc-8e7a-1457cc01ef99,true,0a4ccbb2-3352-4b7b-a871-e89543319f64,cc98095c-4db0-4a81-9470-2d5355deeaf4,2780.0,false
62f99641-7081-41bd-8ebe-0b3eb36fdc04,true,0a4ccbb2-3352-4b7b-a871-e89543319f64,10bbc47e-093c-4de9-a7eb-b1bee6f3d832,20850.0,false
63ae44f6-390a-4b74-b16b-a44152ccbd0c,true,0a4ccbb2-3352-4b7b-a871-e89543319f64,0fe498e1-4635-40f3-aedc-d8f5980376f0,34750.0,false
643c243a-8baf-4d34-ab1e-d34a0c75ba8d,true,0a4ccbb2-3352-4b7b-a871-e89543319f64,fa85ea91-ba19-40b0-90c7-5cf708f59ed6,619.94,false
64628f91-4444-400d-86cd-b73faaf30f05,true,84119241-b29c-4a1e-8e5c-d57264bbb7a5,739251b0-5243-41cd-bdb9-6b315b697922,6950.0,false
6586e19b-6805-49a6-9c82-b5aa875027f5,true,0a4ccbb2-3352-4b7b-a871-e89543319f64,826b090e-5564-41bf-af5c-f15a99818411,139.0,false
6601fe07-57b4-4896-9bf6-85178c9ceb30,true,84119241-b29c-4a1e-8e5c-d57264bbb7a5,8500dee4-dd27-45f7-aac2-3d47c2cb1bf7,139.0,false
66ea0db5-3b3d-4525-96e4-d3fde24c8d34,true,0a4ccbb2-3352-4b7b-a871-e89543319f64,becfbcf2-6d13-43a5-b01c-d91448aa9d3f,3352.68,false
675a1959-64ec-462b-9d02-51303cfd0642,true,0a4ccbb2-3352-4b7b-a871-e89543319f64,b8e095cb-5837-4e66-a50c-07f2b6a96065,12.51,false
681cd981-99b7-4af7-bd95-a34f018f4b78,true,84119241-b29c-4a1e-8e5c-d57264bbb7a5,4d78fb21-a3ad-49c2-a5ca-9536fe1e954c,619.94,false
687cbb2e-b277-4654-9c10-cf4ca42809c8,true,84119241-b29c-4a1e-8e5c-d57264bbb7a5,f69854e7-f558-43c7-ac7c-003d464750b9,2130.87,false
694e13ac-ac15-4af9-9793-0fd56156c1f9,true,84119241-b29c-4a1e-8e5c-d57264bbb7a5,cd2b3c79-0a54-4b32-9125-fb1d048e41fe,0.0,false
6bf53c29-678f-4915-a627-4b799a63a6fb,true,84119241-b29c-4a1e-8e5c-d57264bbb7a5,177fcfc5-f9dd-457b-b88d-be557c279816,0.0,false
6bf61fa0-a016-4547-97c4-73ddc8d4989d,true,84119241-b29c-4a1e-8e5c-d57264bbb7a5,95b6d480-5907-454e-8c46-837ffef672c0,137.61,false
6c64509e-a657-4931-8873-8fb4a5971031,true,0a4ccbb2-3352-4b7b-a871-e89543319f64,4c26ee2f-372b-460c-adc8-fcb7dc4e2852,2780.0,false
6d5cb8a0-21d9-42ea-af1b-73aa234bb5be,true,0a4ccbb2-3352-4b7b-a871-e89543319f64,2f540a5e-a751-4804-90c0-37e84d94e9c2,19460.0,false
6e29661e-9e84-4237-aafb-77da36054bcb,true,0a4ccbb2-3352-4b7b-a871-e89543319f64,1c09b4ae-9fc3-4865-b14a-1b13001208eb,6.95,false
6fa03559-d248-450f-8368-38ffce6d3023,true,84119241-b29c-4a1e-8e5c-d57264bbb7a5,6a33b38c-4f19-4adf-84d8-9dbea69004a1,3336.0,false
70238cc0-722f-4c76-9b30-4381810487cf,true,84119241-b29c-4a1e-8e5c-d57264bbb7a5,e3231913-72ab-4265-9387-71fc055bc5b7,4170.0,false
71c6106a-3a39-4e5f-adc4-990156113f55,true,84119241-b29c-4a1e-8e5c-d57264bbb7a5,c0ebec99-f569-4c4d-a1ac-3157b99c37dc,423.95,false
71e56352-a663-4b8e-beca-8f26ccb622ff,true,0a4ccbb2-3352-4b7b-a871-e89543319f64,f40c9a81-9b89-4529-be32-5008e658ec0c,2780.0,false
7206a8cb-3e8c-4221-bb3a-d670d845b49d,true,0a4ccbb2-3352-4b7b-a871-e89543319f64,5075e5e9-4d4b-4dd7-85f0-6231928af107,69.5,false
7368fbbb-5559-4ed1-aac4-e816e80cac56,true,84119241-b29c-4a1e-8e5c-d57264bbb7a5,69d5febc-8e40-405c-bad2-d2a7e597e0e5,667.2,false
73a8d746-7e70-49f3-b9f7-c6ae52baaea4,true,0a4ccbb2-3352-4b7b-a871-e89543319f64,10085fc4-7dd3-43ab-a969-f5e478cd4e64,278.0,false
74fe317c-7920-4a8c-8d4e-2c69747dcd06,true,0a4ccbb2-3352-4b7b-a871-e89543319f64,94802ce5-8711-482f-81a9-701389a7d7dc,11120.0,false
78798419-131a-4262-b444-62ba5ec4f601,true,0a4ccbb2-3352-4b7b-a871-e89543319f64,8a70a49e-5b5a-41ae-ad65-2d6ca9831b1a,0.0,false
78b86336-996d-4d6a-ac0b-9fbabc31ff4e,true,0a4ccbb2-3352-4b7b-a871-e89543319f64,06ec5932-de05-462e-a56b-9cee2fd593f6,20850.0,false
7910c841-b1a9-43a6-b0c2-ee43decf823f,true,0a4ccbb2-3352-4b7b-a871-e89543319f64,92d9d2e1-8a5d-494a-a8e6-5b3762a30abb,13900.0,false
7a04a26b-9c89-4460-8815-b0138fe0eee3,true,0a4ccbb2-3352-4b7b-a871-e89543319f64,3853d2ee-592b-41c3-88e2-2cc0a4a7a967,50.04,false
7a5b92dd-c5aa-4769-818f-3b3416b37054,true,84119241-b29c-4a1e-8e5c-d57264bbb7a5,f7cd100a-f146-4f6f-a752-80a14c30beee,619.94,false
7ab0bd30-f598-4f5d-8a02-f4ffbf1ef676,true,84119241-b29c-4a1e-8e5c-d57264bbb7a5,26a8e158-f11b-4210-ba09-ab69f0b2f040,276.61,false
7c0309eb-99de-4c4f-953d-530596f83f92,true,84119241-b29c-4a1e-8e5c-d57264bbb7a5,e4b94530-a627-42df-bffc-155ca15b8b12,3475.0,false
7c63cd1b-80bc-4c08-82d7-031ee32666d6,true,0a4ccbb2-3352-4b7b-a871-e89543319f64,36c61df1-5840-415c-8352-71d2f11ef837,347.5,false
7c866a61-cd40-4ad8-acac-182ea876fd99,true,0a4ccbb2-3352-4b7b-a871-e89543319f64,69329871-7905-465a-a1ad-39dd030b2467,729.75,false
7d506782-82c6-47aa-bca7-1c23801d11fc,true,84119241-b29c-4a1e-8e5c-d57264bbb7a5,c58c010a-82ba-4355-96b8-cd8bf5c23d98,417.0,false
7d9de343-1be9-46a9-8e96-bebffdfc382d,true,84119241-b29c-4a1e-8e5c-d57264bbb7a5,a4000fa1-3486-476e-aa74-aa1d3eb90127,241.86,false
7e4640aa-ea9c-4c4a-8bf7-9c80331d881c,true,0a4ccbb2-3352-4b7b-a871-e89543319f64,35fe81dd-75d7-46b5-9373-8f8d10a26b60,278.0,false
7e9c3545-f53b-41a2-a206-f34dd7c3aabf,true,84119241-b29c-4a1e-8e5c-d57264bbb7a5,8ce7c36d-7cb8-46cc-b205-475ea7f221e0,6950.0,false
7f062771-dc65-4b44-98be-200154ff70c7,true,84119241-b29c-4a1e-8e5c-d57264bbb7a5,52ee2804-8dbc-4def-a755-51edb89b43b7,0.0,false
7f3f327c-03ae-4ea6-91c5-4a109598f5bf,true,0a4ccbb2-3352-4b7b-a871-e89543319f64,4a19a70f-8afa-4993-aca9-12905cee373e,236.3,false
7f843abd-3e2b-431e-a52d-298c99fdc7fa,true,0a4ccbb2-3352-4b7b-a871-e89543319f64,2504d21f-7b7e-4905-953f-2fce1c1ff020,11.0505,false
7fff9d16-cb0b-4962-bd83-111ee7ecc3a5,true,84119241-b29c-4a1e-8e5c-d57264bbb7a5,a762f3e7-1895-4e5f-b4df-ebe41935b859,1069.605,false
807e0771-f2cb-4e03-8460-a04b9d4a689a,true,0a4ccbb2-3352-4b7b-a871-e89543319f64,187ef0d3-be5b-4a2a-ae23-249b3d85e53b,6950.0,false
8305890c-4f58-492b-897a-e9e61562e2e9,true,84119241-b29c-4a1e-8e5c-d57264bbb7a5,0965ad71-fae4-4036-94fb-15d37acac987,0.0,false
8380d3c4-3044-4bbf-9078-e23af1733d4a,true,84119241-b29c-4a1e-8e5c-d57264bbb7a5,a507298c-993e-406e-a02b-9c3c7f31a232,695.0,false
8499bc4d-978d-4999-ad51-f3dc28363513,true,0a4ccbb2-3352-4b7b-a871-e89543319f64,02b3eea0-df92-4564-8f8a-063e7a37c2f7,2641.0,false
853752df-5026-452a-97db-4bbdccbd6839,true,84119241-b29c-4a1e-8e5c-d57264bbb7a5,36fe9a0b-bb0e-4d46-8b77-fa584083d190,3686.28,false
859680ce-8330-4219-a937-00915e23e5d0,true,0a4ccbb2-3352-4b7b-a871-e89543319f64,a8afc513-657b-42ee-b8aa-ae30319f45d2,3127.5,false
85ddb4fb-12cc-4e9d-ab68-c3c2ce5d4b68,true,0a4ccbb2-3352-4b7b-a871-e89543319f64,31322c0c-db40-4272-91df-1390911237f6,139.0,false
870423d3-3825-475f-add9-e9897cbe3aed,true,0a4ccbb2-3352-4b7b-a871-e89543319f64,d4958e52-b377-43db-ab69-2183bb53fac7,943.81,false
87cc6b62-e25c-449c-b29b-0552857b58c5,true,0a4ccbb2-3352-4b7b-a871-e89543319f64,4a349097-e05a-43d9-bc5b-773c7280892e,278.0,false
89ffec8f-f90c-497b-b8cd-deae6ec38a9d,true,84119241-b29c-4a1e-8e5c-d57264bbb7a5,77233f8f-d7e1-4cc6-b98d-868560f549f2,2502.0,false
8a8557de-dde2-4308-a59b-2faa64313289,true,0a4ccbb2-3352-4b7b-a871-e89543319f64,d6f6877b-c094-4e77-8c6b-7271ca84051c,0.0,false
8aaa37d1-9e4f-48f1-a0c2-c6408fd18e88,true,84119241-b29c-4a1e-8e5c-d57264bbb7a5,d70e9941-487f-490b-bd7e-15f41ff97439,3352.68,false
8b87ac25-55c8-4b95-8b93-bdb6a1327ecd,true,84119241-b29c-4a1e-8e5c-d57264bbb7a5,710e5897-0da0-4d10-8ec5-e8895bb7e906,20850.0,false
8bde06c3-f6f0-45a4-91de-3d2ec8f60387,true,0a4ccbb2-3352-4b7b-a871-e89543319f64,debe67df-abcf-4de6-b013-68ff9b51a24e,69.5,false
8c72ae13-9f5b-4734-a7f5-df0b69293917,true,0a4ccbb2-3352-4b7b-a871-e89543319f64,f797ba0f-1341-4514-8297-bb60bc8ce5d9,278.0,false
8cc9eeb9-57bc-4645-be8d-38d483f841c6,true,84119241-b29c-4a1e-8e5c-d57264bbb7a5,00f89f5a-0d8a-431b-90d7-2635c568fbbc,139.0,false
8df0f740-13c4-4310-bd9d-5b06e91b1f8a,true,84119241-b29c-4a1e-8e5c-d57264bbb7a5,0bf3fb82-8606-499e-a3ef-48691e8b1972,278.0,false
8ea1742a-1c96-461e-918b-610290b50f7a,true,0a4ccbb2-3352-4b7b-a871-e89543319f64,5b775d31-eb43-4487-8a0d-440bfc7272fe,6950.0,false
8fb089f6-799e-42f1-8c2b-eb9c98b0690b,true,84119241-b29c-4a1e-8e5c-d57264bbb7a5,66dfe490-0cc3-4375-845f-bc42b395ad3b,1611.01,false
9056f748-fd92-4ce6-a612-aa127cb759a0,true,84119241-b29c-4a1e-8e5c-d57264bbb7a5,39b58711-5609-44fa-94a6-54ab5a55dd9d,2780.0,false
90c878d6-a63b-431d-9f4b-bd13df8a0077,true,84119241-b29c-4a1e-8e5c-d57264bbb7a5,a2b1b4a3-1f65-47c5-aad1-387a4ac07982,20850.0,false
917cd33f-affe-47df-baec-1ad03b63214b,true,0a4ccbb2-3352-4b7b-a871-e89543319f64,f071852d-dfde-4def-9e88-27774bf68eb2,2502.0,false
9341b7bc-4f4d-4106-b7b1-583e56396332,true,84119241-b29c-4a1e-8e5c-d57264bbb7a5,a4714ade-daec-43dd-a695-35f3b29ce6e1,347.5,false
93d1a6e4-47d2-4a45-b8b8-24da86bbab63,true,84119241-b29c-4a1e-8e5c-d57264bbb7a5,d9960f1d-8cc8-4405-902a-3fc88320e4fd,139.0,false
93f810cc-3de9-4d39-8217-d4c7b743f849,true,0a4ccbb2-3352-4b7b-a871-e89543319f64,3d6d13a2-0fee-4dde-99db-c55148243ece,0.0,false
946d1a72-adae-47f1-83dc-cdf78218a570,true,0a4ccbb2-3352-4b7b-a871-e89543319f64,1743a507-c4e2-4cde-ad6b-c810ae382e5b,83.4,false
95ce9222-dee4-43ac-8959-95afa7973f58,true,84119241-b29c-4a1e-8e5c-d57264bbb7a5,9e1b0379-0671-43cc-aebe-45171e50e0ec,1125.9,false
9909b9f1-97ad-4783-b082-65c951755346,true,84119241-b29c-4a1e-8e5c-d57264bbb7a5,1fb774f8-816c-4806-8c09-5a7c1b847b97,2488.1,false
9acf1488-c6d1-4cc7-9f08-982d33f523fd,true,0a4ccbb2-3352-4b7b-a871-e89543319f64,97c633fc-05e8-49cf-9ee6-3e3b3b1d7c11,417.0,false
9bcc07be-1bd9-4343-8e74-8ce7262964f4,true,0a4ccbb2-3352-4b7b-a871-e89543319f64,5a3fc59d-48ab-458b-a80c-329c009f3f10,347.5,false
9c247ff1-d521-4561-a57b-c9534940aac8,true,84119241-b29c-4a1e-8e5c-d57264bbb7a5,75b595b7-ddf9-443f-bc17-3bab2f37a3df,764.5,false
9d064af8-5c11-490a-ab8b-eba2441a585b,true,0a4ccbb2-3352-4b7b-a871-e89543319f64,152f5176-9cfd-4753-af7a-4099b892b666,139.0,false
9ecabbb5-7dd4-4e3a-8854-ee9498e593c0,true,84119241-b29c-4a1e-8e5c-d57264bbb7a5,0fcec0a2-6be4-427e-8bf4-a65cf05e638e,278.0,false
9f563303-abf5-4b36-909b-bcf7aca7f9f4,true,0a4ccbb2-3352-4b7b-a871-e89543319f64,e5bc54ab-87aa-4b47-a1cd-b7f89639d15d,554.61,false
9f6fd0fd-2378-43a4-8b88-df7344b56a19,true,0a4ccbb2-3352-4b7b-a871-e89543319f64,1405bc87-04bc-4c2d-a589-2ebabff9a5e6,3336.0,false
9fc9a043-82ef-4f59-8064-46546a9f7b23,true,0a4ccbb2-3352-4b7b-a871-e89543319f64,77b6d1e1-dc17-4977-acbc-bd6046c1c362,13.9,false
a079e767-d31e-4c63-886b-69ec6fd742cd,true,84119241-b29c-4a1e-8e5c-d57264bbb7a5,a531a1e5-7a0e-4820-a8e5-65cc7d595280,111.2,false
a1e331c0-ac8a-4009-86bf-176b08292c87,true,0a4ccbb2-3352-4b7b-a871-e89543319f64,082379da-d68a-4b25-96d5-8e21a9681907,6950.0,false
a2910e54-143a-455f-89e6-1a79ab9242be,true,0a4ccbb2-3352-4b7b-a871-e89543319f64,d9230035-8cb6-43b8-bbd5-031604ebe799,416.9861,false
a47cd467-bb5e-436d-8ba7-29ac3e3f2c1a,true,0a4ccbb2-3352-4b7b-a871-e89543319f64,b01dccc2-fb5e-4efd-b836-8e5c0ccc93b8,2578.45,false
a4cf2e68-1267-4194-b72e-84d73e9f66e2,true,84119241-b29c-4a1e-8e5c-d57264bbb7a5,0b2dc6cf-3d33-4052-942f-8376d390a3eb,236.3,false
a5176616-39d6-475e-b959-182a0a2cd4fa,true,0a4ccbb2-3352-4b7b-a871-e89543319f64,2f161f08-dc6f-4e20-be56-3f9055ef6660,1.7375,false
a59153b7-1f41-4b0a-b009-a4de20177b64,true,84119241-b29c-4a1e-8e5c-d57264bbb7a5,4c4fe34c-61c5-4e09-986d-9903c9ad4bd5,2780.0,false
a5a072d6-a09e-4ec0-880a-0f584420cb3c,true,84119241-b29c-4a1e-8e5c-d57264bbb7a5,84e2e04a-e99b-4903-a009-762ec25ffd07,278.0,false
a5ef1375-bece-41ea-b17c-0c7338935d55,true,84119241-b29c-4a1e-8e5c-d57264bbb7a5,54fb0525-30cd-4b93-a6f2-1f9029998089,0.0,false
a5f4b1e7-7046-4fed-a146-806120be30cd,true,0a4ccbb2-3352-4b7b-a871-e89543319f64,c7385cf0-ad3c-4379-9240-636b1213593f,0.0,false
a673bc0d-755c-401e-ba7e-c43d5f00b275,true,0a4ccbb2-3352-4b7b-a871-e89543319f64,12a8196b-48a9-4594-85ec-353004cdce65,1390.0,false
a7c707c9-7255-49ad-aa4f-37385e6240d5,true,0a4ccbb2-3352-4b7b-a871-e89543319f64,bb05b8cb-b338-4cc8-aadf-c1108e7314b4,1559.58,false
a83669b2-1fad-49e8-8bb0-067b4c05fc0b,true,0a4ccbb2-3352-4b7b-a871-e89543319f64,55a35784-1660-45f5-985c-c572fc190aeb,423.95,false
a946f331-066b-4401-b1d7-2e4c97280f29,true,0a4ccbb2-3352-4b7b-a871-e89543319f64,27614070-ae06-499c-9fc5-6c13946b79e8,2047.47,false
ab4f18a0-7680-4b1d-8ce7-021ff2688720,true,0a4ccbb2-3352-4b7b-a871-e89543319f64,f2a50251-dde5-4e85-a9b8-bad39d99fbbf,312.75,false
ab978d18-22a0-4dc6-86a1-4733f54e1777,true,84119241-b29c-4a1e-8e5c-d57264bbb7a5,5215c18d-db13-454e-8f38-356c5fabce23,1390.0,false
ad0e61ab-81d7-477a-931d-7fd5c12e4720,true,84119241-b29c-4a1e-8e5c-d57264bbb7a5,9bb83079-e1f8-4684-a65c-3242b13b0477,340.55,false
ad81f461-4175-42d9-9314-1934321273c0,true,0a4ccbb2-3352-4b7b-a871-e89543319f64,3518a808-b5fd-4405-97a4-974f8500f590,34.75,false
affed6b6-4858-42fd-af50-e71b7418145f,true,84119241-b29c-4a1e-8e5c-d57264bbb7a5,b887e469-e33d-4a34-adc9-7972e9d648f5,56.99,false
b2649940-44e0-4b2b-b10b-3f39baf7d167,true,84119241-b29c-4a1e-8e5c-d57264bbb7a5,bf6a8f5b-3da4-400f-bddd-b53900bf4329,351.67,false
b48d47fd-cdaa-471b-8ee9-24aed8361113,true,84119241-b29c-4a1e-8e5c-d57264bbb7a5,97e6678e-f6aa-4087-9927-d6a9520069c2,312.75,false
b8115a99-4640-4bd7-a1cb-fc209454514f,true,0a4ccbb2-3352-4b7b-a871-e89543319f64,b0d58efb-f165-473b-9852-2943bc72d859,137.61,false
b8442288-9fbe-4c8b-a0b2-d3d313cb4a2f,true,84119241-b29c-4a1e-8e5c-d57264bbb7a5,3c29446a-2315-48cc-986e-5334345a0bba,18.07,false
b857e91f-0aed-46a8-8059-d9dcddf170f5,true,84119241-b29c-4a1e-8e5c-d57264bbb7a5,b01aec15-1797-4c4a-b160-8b89abbd6847,1.39,false
b88546c0-8fdb-4c37-b2a4-6e855d02246b,true,84119241-b29c-4a1e-8e5c-d57264bbb7a5,2584f07c-2501-4493-9308-d1e62ed3f48d,0.0,false
b896c084-e0f7-4a48-861d-3085886a6311,true,0a4ccbb2-3352-4b7b-a871-e89543319f64,fd829c15-1ebe-4ca0-b329-0eff24ded0e9,241.86,false
b8c09986-cd34-408f-a4f4-ce48ba0769b6,true,84119241-b29c-4a1e-8e5c-d57264bbb7a5,cd298e34-f718-48da-b38c-64ae7ad31465,0.0,false
b916a096-6db3-46fd-b15c-8600da22e870,true,0a4ccbb2-3352-4b7b-a871-e89543319f64,93138e0d-4c5d-43fd-b24a-bc317b3f5c91,2578.45,false
bb127603-5548-4299-9c4c-ba6183c1c6c1,true,84119241-b29c-4a1e-8e5c-d57264bbb7a5,2a363ca0-2f47-4f69-8d95-15bff83594c6,24325.0,false
bb54ae72-0d8b-4a8a-b464-8ad1fa8a0e64,true,0a4ccbb2-3352-4b7b-a871-e89543319f64,071bf6bd-d01f-405b-a176-6a2d725a0f63,139.0,false
bb75a55d-6cd1-4541-b584-0f8e749735bc,true,84119241-b29c-4a1e-8e5c-d57264bbb7a5,4869c5e0-771b-43ea-9db2-e999f1c64fb6,7810.0347,false
bc4b8712-9487-4c29-99e5-a7d688f3b680,true,0a4ccbb2-3352-4b7b-a871-e89543319f64,c65cecde-9647-4025-9e45-6ec1513c2b47,139.0,false
be0edae8-4fba-40df-b2e0-ef1e9f2d77ad,true,84119241-b29c-4a1e-8e5c-d57264bbb7a5,4a4d80fb-03fe-4d17-bedd-4857f293603e,347.5,false
be8a69b3-b58b-441a-996b-9404c9972b86,true,0a4ccbb2-3352-4b7b-a871-e89543319f64,da1ff384-7e18-478c-b2ae-79084766d878,24325.0,false
bf2afcd6-667f-41f3-a914-e046ce7fc853,true,84119241-b29c-4a1e-8e5c-d57264bbb7a5,3b8ffc9f-286d-4bc1-bff9-7d852ef1e0be,34750.0,false
bf91ff40-40ea-49f3-9407-fadb94c23715,true,84119241-b29c-4a1e-8e5c-d57264bbb7a5,cd15c283-3188-403f-b0ae-b03e9b50714f,11120.0,false
c14c4677-f01c-436a-a4a5-66760d40b4e7,true,0a4ccbb2-3352-4b7b-a871-e89543319f64,834d4ff6-99a0-429e-afda-dbb336662915,278.0,false
c25f64d6-61b4-4f2a-9a6a-e3dc6bc3e93e,true,0a4ccbb2-3352-4b7b-a871-e89543319f64,6b206128-addd-4a41-a936-7b2a23acba0f,0.0,false
c5269c0f-db2c-4ffb-a9d1-b4c618a60199,true,0a4ccbb2-3352-4b7b-a871-e89543319f64,0d6e4249-cb0a-4c16-b0dd-1eedd2673f17,1390.0,false
c55db737-dd0a-4496-878a-14173066e459,true,84119241-b29c-4a1e-8e5c-d57264bbb7a5,531e8bf0-4bf9-4b71-88f2-de483cb92409,6.95,false
c5686889-a49e-4304-bbbc-fde66720de2b,true,84119241-b29c-4a1e-8e5c-d57264bbb7a5,72d8a2ca-2c3a-457d-869b-4714f7ab5f6a,139.0,false
c576b246-fbbb-474c-a70a-5a8efe7992cb,true,0a4ccbb2-3352-4b7b-a871-e89543319f64,f3fd528c-0da2-4466-a3d9-492f6ff1c784,415.61,false
c592a236-45cc-4a23-9c38-22a229fc8eee,true,84119241-b29c-4a1e-8e5c-d57264bbb7a5,33ab8dc4-f76e-4312-b92b-6d87a574778f,9730.0,false
c5973c95-3ebb-4ff4-8679-a0e422200991,true,84119241-b29c-4a1e-8e5c-d57264bbb7a5,b084dc6f-8b33-4c52-a2cf-cfec2f6bd74e,729.75,false
c59f1d4c-6675-4c85-baf7-e26fb9fef165,true,84119241-b29c-4a1e-8e5c-d57264bbb7a5,d9dd261c-31a5-4a0b-ae66-72850e80cc8d,4029.61,false
c5ceca4f-39b7-4706-8269-9336cf0a9d2e,true,0a4ccbb2-3352-4b7b-a871-e89543319f64,e427262c-e920-4b6f-969a-e4a8b481f518,3336.0,false
c6174f09-94cd-45a0-bd9e-17907c45f561,true,84119241-b29c-4a1e-8e5c-d57264bbb7a5,d3990aa0-25d9-46b2-8be1-d2c488eb13d0,2578.45,false
c64f0b17-4186-4ba1-94fa-10f6b2a1a651,true,84119241-b29c-4a1e-8e5c-d57264bbb7a5,5db0389a-de05-4e37-8bc5-3dc347f847cb,19460.0,false
c659e9d8-e99e-4a78-8aa0-cc9270540290,true,0a4ccbb2-3352-4b7b-a871-e89543319f64,6111d63b-be5b-49c2-a8ce-e7c252ce8d57,2488.1,false
c6fcea82-1fab-4006-a179-fbe8016d35d3,true,84119241-b29c-4a1e-8e5c-d57264bbb7a5,4d6cf42f-0182-447a-9d77-ce83abc93f85,351.67,false
c7263f69-3b39-4001-a3aa-e8853f6b1101,true,84119241-b29c-4a1e-8e5c-d57264bbb7a5,f33a531c-0c12-4e3b-a6a6-d288b5ff23e2,6950.0,false
c7440387-5de2-4249-834f-ad508b956cac,true,84119241-b29c-4a1e-8e5c-d57264bbb7a5,7b94fb95-1ba4-48e9-b235-bc8f64d3c362,34.75,false
c74f72ce-7421-4388-b069-945cfa9d9196,true,84119241-b29c-4a1e-8e5c-d57264bbb7a5,7f553455-d2bb-42a7-8f74-23cbd091ce7a,0.0,false
c920fd8b-4465-47f6-884b-a54ae2b51141,true,0a4ccbb2-3352-4b7b-a871-e89543319f64,e9e02bbc-22d7-4a59-b2f2-156e880a3844,347.5,false
c9bcf4c4-2de3-4466-8483-60e8bddee89a,true,84119241-b29c-4a1e-8e5c-d57264bbb7a5,db0dec7d-e50c-40ae-bdb7-34b121e33e20,13900.0,false
ca359d9a-ea00-41ab-945c-50d0a0b8132f,true,84119241-b29c-4a1e-8e5c-d57264bbb7a5,daa0fe32-1fe9-412d-9cff-70f032fc2bd3,347.5,false
ca649529-e352-46d2-b651-3a7b37c20591,true,84119241-b29c-4a1e-8e5c-d57264bbb7a5,b015050c-ebc3-4403-9624-2ba14df46144,2047.47,false
ce31a7a5-cc6d-4e97-b7fd-34b69625dd22,true,84119241-b29c-4a1e-8e5c-d57264bbb7a5,ccabd9b5-fb41-4007-9ae4-64899ec19c72,0.0,false
ce3a9228-0738-4349-b82d-5e43fb361d53,true,0a4ccbb2-3352-4b7b-a871-e89543319f64,5a9f6c48-14bc-412d-bcaf-a1f7d2e32cae,5560.0,false
ce4c848e-7fac-4343-967d-ee353964777b,true,0a4ccbb2-3352-4b7b-a871-e89543319f64,3547da45-ce33-4efc-8e1f-9e7b876a1f14,554.61,false
cfe2e942-a421-4693-b83c-54e078553efd,true,0a4ccbb2-3352-4b7b-a871-e89543319f64,10bcae60-4228-4e65-8b14-ad79955389bb,417.0,false
d0377e8d-6182-4555-bb08-627b56153dfc,true,84119241-b29c-4a1e-8e5c-d57264bbb7a5,9ddeba5b-bd08-4ae6-9dde-9447f5fc030b,417.0,false
d3433bfd-e36e-4e2b-a52d-722e4aede551,true,84119241-b29c-4a1e-8e5c-d57264bbb7a5,6aa5a889-3934-410e-adab-133343e5d908,3336.0,false
d6fcd987-e1f6-4c28-89d3-bf60fea81601,true,84119241-b29c-4a1e-8e5c-d57264bbb7a5,9a1541c3-9966-45e5-a1b5-ae76b1732f63,40.31,false
d86f84d2-a71c-447d-ba8d-28825d48a5e5,true,0a4ccbb2-3352-4b7b-a871-e89543319f64,09a550ee-25f5-4d09-8d97-e5c501f53294,351.67,false
d887298d-37f9-4fda-8b81-1d2e79835c55,true,0a4ccbb2-3352-4b7b-a871-e89543319f64,979f648c-9f16-4969-a832-11f25d0e78f5,4170.0,false
d946d4b9-fcc3-4626-a6d0-dafc7d11614a,true,84119241-b29c-4a1e-8e5c-d57264bbb7a5,54a8d333-d5d2-42fb-bf46-92408b53d3e6,8340.0,false
da20552a-f711-4f0e-b2c1-d5c1267e0860,true,84119241-b29c-4a1e-8e5c-d57264bbb7a5,2e4b59b3-1ee4-4e1c-81ba-106c7110102c,69.5,false
dac005ed-9517-4783-8371-425dc74669eb,true,84119241-b29c-4a1e-8e5c-d57264bbb7a5,19dfb28f-54ee-40ec-bef6-bcf034a6e686,2780.0,false
dad148ca-2602-4bd2-bbf7-e600f0276c71,true,84119241-b29c-4a1e-8e5c-d57264bbb7a5,3a121a84-f48c-4cc0-b5a2-f2b47f2ac055,20.85,false
dad89115-2b6d-45e9-9589-27880d87ff87,true,0a4ccbb2-3352-4b7b-a871-e89543319f64,f5e395cc-291e-4b41-811b-d48e3d325cc3,0.0,false
dbea19d4-7854-4186-af9f-9a61d4484a1e,true,84119241-b29c-4a1e-8e5c-d57264bbb7a5,c5ab1360-7838-4203-9624-6341480c22a6,764.5,false
dd011666-cade-4a8d-b4fc-06abbe8a3e09,true,0a4ccbb2-3352-4b7b-a871-e89543319f64,a229a9b3-7b0d-4ed9-ad0f-65ae1774f13e,926.4211,false
dd7424bd-f06e-4117-a5b6-495ee2ffcea4,true,84119241-b29c-4a1e-8e5c-d57264bbb7a5,e01714ff-583e-4f0b-a064-5f1bdb44755c,6950.0,false
dd902818-a4f5-47e5-9481-31c778a1e277,true,0a4ccbb2-3352-4b7b-a871-e89543319f64,d23d6219-dc1d-46f9-87d7-7e35dacbe621,1125.9,false
ddb1a492-8604-45fa-ac47-2457c072e0f1,true,0a4ccbb2-3352-4b7b-a871-e89543319f64,e9284002-8c34-4bf1-b6a3-8b78db2deaf6,0.0,false
deb5f05c-25fb-4889-a19b-5306d37d2776,true,84119241-b29c-4a1e-8e5c-d57264bbb7a5,bb1a8559-8d53-434d-99b0-8a1ba22ca2a5,278.0,false
df86af99-0d89-40a6-a625-614f478d7c11,true,84119241-b29c-4a1e-8e5c-d57264bbb7a5,f7752508-d73d-49b7-a25b-e9517bb372a6,3336.0,false
e07b66c9-9251-41eb-bffb-49b6feb69072,true,84119241-b29c-4a1e-8e5c-d57264bbb7a5,f86665d9-8594-48a8-8452-107b63bbe5e9,3127.5,false
e2b317bf-3883-422e-abb8-59c8e0b99276,true,0a4ccbb2-3352-4b7b-a871-e89543319f64,5d3ad3b3-560e-4153-a491-d0a6a0589a63,834.0,false
e2ef1e8a-b5e7-468e-8ab2-f9252960bbc5,true,84119241-b29c-4a1e-8e5c-d57264bbb7a5,92af7c60-dda6-4aae-a1ef-24f5cfa6bfe2,27800.0,false
e451641e-b8fd-4555-944d-c97c9ac0ba4f,true,84119241-b29c-4a1e-8e5c-d57264bbb7a5,6ba535d1-7940-4134-9338-3f6938b881b9,312.75,false
e5aba7b3-f669-4bbc-a266-ea5518a3439b,true,0a4ccbb2-3352-4b7b-a871-e89543319f64,ff6830f8-297a-4f68-9c70-faa7b5b963e3,695.0,false
e5cc484a-a31c-4b1e-bcc1-cf11f4081550,true,84119241-b29c-4a1e-8e5c-d57264bbb7a5,3ecaf3b1-9e86-4482-87e1-842fd190030f,69.5,false
e6741935-f41d-47d0-bfc7-e415ca14ab4b,true,84119241-b29c-4a1e-8e5c-d57264bbb7a5,937b8e6c-d222-4c47-b87d-dbbe730cdcf8,139.0,false
e7475b68-bfe1-47f3-b43a-513f2714c3fa,true,0a4ccbb2-3352-4b7b-a871-e89543319f64,d4cebdb6-d113-4025-af95-1a2e1ffb8972,139.0,false
e7da5f30-ddb6-44d9-b678-751f2ccaa76d,true,0a4ccbb2-3352-4b7b-a871-e89543319f64,39ae0e95-389a-4a45-800b-48e66c62ff5e,1611.01,false
e9305550-e6e7-4e4b-b1e2-d627f0b618e3,true,84119241-b29c-4a1e-8e5c-d57264bbb7a5,6d09e279-d659-4d4a-a552-e94e706970e2,0.0,false
e9e07b53-8d63-4c70-8b86-5bbf22855485,true,84119241-b29c-4a1e-8e5c-d57264bbb7a5,22109bd0-38aa-4a0b-a130-f27e063d799a,943.81,false
ec794b4b-44ed-43b7-b5d0-68020807d5b2,true,0a4ccbb2-3352-4b7b-a871-e89543319f64,20cd89f8-924a-46cd-bc64-665f5581573b,1390.0,false
ed29a9b6-4b4a-4493-85b2-59db169e10a5,true,84119241-b29c-4a1e-8e5c-d57264bbb7a5,45ba0232-08ec-4b5b-84f3-971f2fd95330,139.0,false
ee421e10-a64f-433e-b387-2e1cf7a5eefa,true,0a4ccbb2-3352-4b7b-a871-e89543319f64,284251b7-60f1-41ec-b912-38a63f85f65c,1912.084,false
eeea9aba-aede-458f-9b39-cd0da02bc1d3,true,0a4ccbb2-3352-4b7b-a871-e89543319f64,49743cd1-6c7e-4e99-befa-374eae01841d,11815.0,false
efc8ccc4-f336-436d-a846-0548c1beea42,true,84119241-b29c-4a1e-8e5c-d57264bbb7a5,0e1c1629-21db-43a6-8ebd-939993c2fb59,0.0,false
efcbb011-c64f-4c49-b08e-58c455de8d85,true,84119241-b29c-4a1e-8e5c-d57264bbb7a5,7630bf31-cc46-4f06-ae6b-3cf688428b61,554.61,false
f044b3ac-509f-4032-9606-20f117007f0f,true,0a4ccbb2-3352-4b7b-a871-e89543319f64,65fa0bd9-e9ca-4e47-952a-46504ead791f,340.55,false
f04c4f48-d77f-412a-9b89-32e2920d232e,true,0a4ccbb2-3352-4b7b-a871-e89543319f64,2ea567e4-2d8b-4881-a6d1-e1aa4373c480,3336.0,false
f0d3d0d1-0a9c-4a2b-81f8-316630b273c9,true,84119241-b29c-4a1e-8e5c-d57264bbb7a5,e102e42f-fbf8-44c6-978e-bcc75047d0c6,2641.0,false
f1e0cf1f-42f6-4a43-b38b-32367f1c72dd,true,84119241-b29c-4a1e-8e5c-d57264bbb7a5,0d5b78cd-fda3-4385-bd9f-2cd98036f19a,139.0,false
f237c9e9-f212-4649-bce8-d31a2d142449,true,0a4ccbb2-3352-4b7b-a871-e89543319f64,eb5f50dd-02f9-4d67-9eab-1b036fd2924e,16.68,false
f32644ca-3657-4487-89d1-bd87c3230d24,true,0a4ccbb2-3352-4b7b-a871-e89543319f64,54e497fa-3a04-4b1a-8f6c-2a2a9b30b56e,6950.0,false
f36d7c19-6591-4e8a-95de-2695c608fb79,true,0a4ccbb2-3352-4b7b-a871-e89543319f64,a8e1f438-2fa5-45a3-b1a8-ede39e8bc07e,139.0,false
f3c7773a-f7c9-41f3-a39a-5ae9f9349f8e,true,0a4ccbb2-3352-4b7b-a871-e89543319f64,894489b8-42e4-49cf-80fa-465dfcb045cd,139.0,false
f531dfe8-1729-4718-8920-ef59302b1730,true,0a4ccbb2-3352-4b7b-a871-e89543319f64,bb77500a-2d1e-4963-bb25-9fd488df8c2c,173.75,false
f6416539-280c-4598-8e61-fde3c4274a86,true,84119241-b29c-4a1e-8e5c-d57264bbb7a5,08514b7d-b135-47bf-83e2-efecd64b36e1,3686.28,false
f693f3bb-5f0a-4461-9dcf-6cf4c88b0ca0,true,0a4ccbb2-3352-4b7b-a871-e89543319f64,1c309868-2671-457d-ab5d-ffa168c8d767,139.0,false
f76d1576-d050-444f-adf9-ff659a3a6fb8,true,0a4ccbb2-3352-4b7b-a871-e89543319f64,0813d477-fbe8-4018-9d31-7802f8bc42d9,2130.87,false
f7b39f3b-0cac-40cd-bec2-9950c1551174,true,84119241-b29c-4a1e-8e5c-d57264bbb7a5,47c1e4a9-1ae4-4ac8-80b8-a1d83ebb6a84,2578.45,false
fa2873d9-03b8-402b-9f6f-c2ec08b759ec,true,0a4ccbb2-3352-4b7b-a871-e89543319f64,cb457bdb-c5a8-489e-9ca4-e112068bef18,0.0,false
fb144c25-c86b-4a25-bc7b-4a4bc42024b6,true,0a4ccbb2-3352-4b7b-a871-e89543319f64,83697e96-8e00-43c5-b7b6-1617b2b88bff,369.74,false
fb597236-e2f8-4a70-9efb-0f995c754090,true,84119241-b29c-4a1e-8e5c-d57264bbb7a5,4c7dbc1b-c3b5-4390-8ace-55929c152030,11815.0,false
fe2523ff-fa28-4f4d-9b55-ce75d0776865,true,0a4ccbb2-3352-4b7b-a871-e89543319f64,df30f9e6-80a7-4e31-80cf-54ba9a893c2c,139.0,false
