"Guid","SBQQ__Active__c","SBQQ__Product__c","SBQQ__UnitCost__c"
00395d00-64e7-48b0-bb2b-e392b71d6b2b,true,07876662-9f29-460d-aafd-0d1569c855a3,0.0
00faca0f-dab7-4785-9cc2-6a2465d84071,true,5d0c5edd-cf8c-4e72-9491-67270afcc0f0,2.7798384523961657
01437b3b-569d-4d6c-991a-87e02d8c960a,true,13277d5a-fba5-4d83-98b6-606fe635c459,55.04080135744408
01bc3379-4851-4093-8944-17edbf32b0ff,true,f342db9f-0f12-401f-8799-291d480ad2cf,211.23765973032914
021c4c81-3abd-4213-83ab-eb476a577097,true,b2922fd8-f2ab-44f0-9981-80a7190ccafc,0.0
028e7bd7-3bca-4887-bcf8-6585c8a0641b,true,86e57599-b2bf-4949-a359-3c6d3415d1c0,480.9363053227748
02fdc861-4a67-48cf-a7be-9a1b02c71252,true,3baa22c5-0176-4c76-80b9-bb1cb78997c1,60.95
03a2b30f-dd03-46dd-a749-b49d1e079365,true,f2c2c719-eada-46cb-9598-5c8baac0f7a1,62.06230349037323
0405901d-6bc7-4222-9ea5-69d0982a4f77,true,26369526-3800-426b-b13e-1268f6c259b9,479.17080400333913
0429d91f-0a0c-4635-9f1e-b245d30f604c,true,012bd897-d0d3-4e2b-b469-66c997715887,277.2888856265175
04a1a283-bbd4-455b-9ea8-8d4c8e017f27,true,cd1f7f41-ad40-46ec-9303-6bee586c2890,25.71389553085871
05ed3fbb-5d9b-4309-ac07-19ac7003f20c,true,012bd897-d0d3-4e2b-b469-66c997715887,385.4315510208594
065740c3-0172-460f-9e4b-a6a5cf01ed0f,true,8ea0a884-19aa-433e-969e-f4dcaa230d8c,66.02116324440894
07077b9b-7e8a-4bbe-9365-b2c354043305,true,625f5111-c418-4a16-9bfd-42ab55fde7fe,14.018322800888054
0771a6de-9aee-433e-9f98-18c356b4b5c7,true,07876662-9f29-460d-aafd-0d1569c855a3,0.0
088f3907-a039-4fb9-ad73-f43e93b7b329,true,313ba320-3b50-4526-ba5e-0b06c58a1126,34.74798065495207
08b137bc-07e6-4ab1-8bb0-90f593f62056,true,dfe4cda0-8022-40c4-9d1b-be340598fb09,123.3488281871168
0966bab5-76c5-495a-b16a-5ce13bc40b15,true,b6916f1e-7a55-473d-8e8f-e6899603194d,2252.892791810931
098a1081-16bf-41ad-a1a0-636b80f6bfd9,true,b015beef-7032-46aa-a800-14115eb361c8,6576.052798578229
0a0e664f-dd95-42b8-9b47-2f44182ab468,true,c6b7ca6e-3d9d-4feb-8691-5a1d0291b8c1,4612.739576260899
0a710cbd-f2e4-40ce-85e9-db6397861ab7,true,08941121-fd0f-486f-8166-c3dc98ba11b5,155.15575872593308
0a946ce4-2ad5-4c1b-bf74-69d3f8492e2e,true,6b7122c2-c3b8-42ce-9c75-070578c6970a,184.24746348704554
0b1e82ce-76dd-4c3d-ae53-081940744be9,true,6f57843f-190c-4583-844e-60ea2b7c581c,165.82271713834098
0b1f30e0-5565-42a5-ac2c-d0eb1db19d5e,true,b8126bab-1568-4eb8-84d3-fc2ec8f6789c,24.631978487805238
0b778920-a1f5-4439-a180-8775a1924ee7,true,313ba320-3b50-4526-ba5e-0b06c58a1126,27.037071332225764
0b8a017f-137e-4802-939e-2d87cf742be9,true,62d8898f-9286-4b97-930d-ba90adb8f2fa,1396.4018285333977
0bb774c6-ab9f-4f11-b6cd-eb4d119f2f0b,true,fd078cb6-ee58-47af-af03-842d6824d858,7301.650346717549
0bd82bd8-2c28-4e58-a180-e0e4411051b8,true,23a5d1f6-3a22-4ffb-b1d0-c9503cbee101,69.08458304604723
0cc0687f-71bd-4a00-9081-0b5bb0d6be38,true,f5c13472-d94c-40e2-b8e0-aefa83629322,1541.0774393987642
0d194835-afd3-4412-9d7e-fa09025fbe23,true,86e57599-b2bf-4949-a359-3c6d3415d1c0,345.99734195883076
0d3024c0-a788-4632-87e9-1a4206c4863b,true,645cd05d-139f-48e0-a1d3-fdfacd5e5edb,72.64991783109157
0dbc5dc5-2758-4620-89e6-4c845867b02a,true,b2c70e87-7f1a-4b3b-aa05-b3ec065968ac,328.89141955929665
0dcd5b7e-3d4b-40b2-b485-17cbae347c96,true,ed940e96-1a76-4b23-9a57-efd78f193e26,0.0
0e272040-dbbd-4add-a62b-cb23f3e25793,true,86fc5d8c-e959-468a-8f6f-8da98bebdfb5,2114.4675051975187
0e62731c-9999-4e8b-8384-5ec84f17efc6,true,e9971242-d5a3-4f0a-a84d-5b2c8b5c630e,853.7290468135742
0e70db55-9b77-457c-9fbe-cde050867f09,true,86fc5d8c-e959-468a-8f6f-8da98bebdfb5,2210.969561844546
0e84f950-b995-41c1-bb69-bbc4bdbc5ed4,true,f6e59778-267f-44a4-8c5f-3611d4306590,7003.661532616107
0f01e683-32d7-4793-80bf-d0c8ae3d3592,true,817d0f75-2d63-4f62-a6dd-440bd4540757,1240.4648795618614
0f17550b-d7b6-4756-8e64-55cadde271b3,true,5f06b322-8fac-408b-ad8e-7fa6841c0f2d,854.1712407259431
0f1f06b5-3117-4e71-9710-ccb7d17bd37e,true,21eda709-ec1e-4ab5-8e15-6499abde3f31,22.497585015260295
0f48ae28-5d56-41ea-aa78-ecdba0b9faf8,true,3ccdb690-945b-482e-b410-ba198a0fec16,132.04232648881788
0fc6ea1c-260f-465b-be7b-24cf528eaa7b,true,c85d04ff-f7ad-4ec0-bc40-17e6717f6be6,187.62985902727087
105c6059-7c4c-4edf-a850-4006cac1628d,true,5d0c5edd-cf8c-4e72-9491-67270afcc0f0,3.3010581622204467
1062267d-310a-446d-a775-0617392c6f23,true,b910cf84-112e-4c30-8f21-5e91eb2520a7,184.24746348704554
10d101a2-7f3a-41d0-bda1-d34fb51a1bff,true,f5c13472-d94c-40e2-b8e0-aefa83629322,2142.0976407642825
11b0f5ca-cc5f-4226-83ed-b4b24e7bf775,true,7d32d95c-30ec-45db-b0ec-9052479d5fcb,12.939990277742819
1234084e-54db-43c5-8384-3ab6d8681e30,true,1f01a6f8-5cc1-4a64-9ee4-72e8bd77c41c,17442.980787716988
125a191a-1e2b-47c5-bcfe-f4dfe377ed85,true,23a5d1f6-3a22-4ffb-b1d0-c9503cbee101,58.176490986145026
127ec735-9ae8-4c52-a78d-071bcc37dcf7,true,ad16cee4-f6ae-499f-ad2c-c6d2ca209099,55.59676904792332
13078787-a86d-46a8-847c-b24586d8cec3,true,ae230964-92b5-4675-86b7-ca5741fb5b89,0.0
132af444-58a7-46f0-a12b-0d892beb0c45,true,99bc3c56-72ec-4765-b545-1849669f52a8,480.9363053227748
13d96e3b-01cb-452b-a3f8-68b3d292534d,true,b015beef-7032-46aa-a800-14115eb361c8,7809.062698311647
14663c72-fee0-49f2-a792-bcdd8a1f416b,true,d77deebb-445c-43f5-864d-a3a965603779,1151.2557297464234
148fb6d6-8496-4129-b5d1-2fcbf7b912e4,true,e8b0ffbd-40de-43a1-9527-72bf03b2eb04,0.0
14b49a6e-6c5f-4200-a334-02a0a8c3a690,true,0f9efac7-7931-4c8e-959d-e2dd82533c7a,696.3390451619877
15742975-a462-4b25-afdd-188e8961e697,true,c196df96-6816-472c-a105-52e067d8cf48,1645.8922885646982
15eb3c7b-7e8f-494f-98de-31a19d353656,true,ebe7bf7f-ebb6-4493-b74c-d8c95439bd91,1388.8922898110625
15eb8ca6-06c0-4692-a2fe-6b954acdff4d,true,7b9b2a53-84bb-4633-9b1f-8af7618b5903,0.9719402558868686
15f8d261-ceb9-430d-8fd4-46994a5eb0bc,true,645cd05d-139f-48e0-a1d3-fdfacd5e5edb,69.01742193953699
16f14eb9-b83d-4a92-a15b-cd600abbe6a3,true,9b704240-1e2c-4dca-ae74-35ec4780f5a0,1188.380938399361
1760b892-9709-451c-89ae-295535906c26,true,2996dd56-7be3-48fe-8568-4e55774106f6,91.27062933396935
176bfeff-12c2-4a17-94d9-1e34309636f0,true,d8cb94ee-255b-4dc3-9e5b-1f8ca96a4188,9.90317448666134
1778b8be-4d4d-47b9-9dba-74ffee8ffea2,true,31bd61c2-b577-4e8a-ac5c-1533da8b38c5,58.176490986145026
178fe57e-4106-43b5-8228-469aa9a8a893,true,07876662-9f29-460d-aafd-0d1569c855a3,0.6206230349037323
18ace762-b273-4934-8f4c-83fe5e7cee54,true,157fa578-37a3-485f-8aaf-f2451856f5dc,132.04232648881788
18d361d7-9c10-45d2-b453-168fe233bb40,true,246683e2-d60f-4173-b804-99f8e3efc48c,2859.737851381163
18fed123-2dc4-4ecf-bea8-f40e7d147da1,true,b85fa894-0c23-4f3a-b613-62dd3ce9ab1e,0.929793793705722
192cd201-8564-4cda-a860-0f3796f4d80e,true,2b71aaad-ddd7-4c09-8f85-c17132711251,277.9838452396166
1989be81-75b8-4bad-ab0c-52ead2fab84c,true,26369526-3800-426b-b13e-1268f6c259b9,344.7271971247044
199b129c-228f-4eac-8058-dd0a6dd06a07,true,56fd0606-17f8-431c-abcd-b52b65601c2e,66.02116324440894
19a37c59-bcb8-4597-9928-3a0c56731128,true,5d1e7e82-762c-4e8c-b42b-55f359cfa194,60.830011389497564
19f83812-0a92-4c50-b742-b491d295c4fd,true,a7699297-b15a-4e94-893e-ce3165fc6d95,96.82803575990641
1a9e9e15-e059-44f5-8ff6-187532c9d9a9,true,fdf33e72-3636-4698-9043-10b52a9d5434,17373.990327476036
1c337936-c9b9-46ef-a201-52d82b7b1dc4,true,8ea0a884-19aa-433e-969e-f4dcaa230d8c,96.59938622076676
1c456d66-6544-44f7-a005-0f9450613128,true,012bd897-d0d3-4e2b-b469-66c997715887,263.42444134519167
1c9b054b-69ba-433a-bd67-be677c6a55c7,true,fd078cb6-ee58-47af-af03-842d6824d858,5252.985860947877
1cbe3001-fe16-497d-b566-5d77dad8a37f,true,c7ed88e3-9a1b-42d4-aaf4-b1ec5f8db6f8,186.45843304889007
1d938a49-c21b-48c6-8df0-1f83a8228c9e,true,c90b1801-15a8-4f07-9ba7-dcd8f7d57c6b,718.6978433510676
1d9ebca7-b014-4f8e-9f2a-81da9de9c90e,true,421f1286-ce81-46c5-b0c9-0f102b261584,1667.9030714376995
1dac87b9-dead-4b93-a3aa-01539b72e5a4,true,13277d5a-fba5-4d83-98b6-606fe635c459,95.63339235855909
1e750c51-e04a-4594-9b74-510d47f39d8e,true,89c34c4b-5f2f-4df8-b05c-9f62af952caf,131.3821148563738
1f4c7514-3770-4ef5-bc44-9e4e8cf94adf,true,1f01a6f8-5cc1-4a64-9ee4-72e8bd77c41c,13954.384630173588
1f7d04ec-5aa9-4763-a3b3-4b6b23040707,true,b2c70e87-7f1a-4b3b-aa05-b3ec065968ac,189.29002564563837
1fa2b245-336a-46e7-90d5-7d20fbf31f90,true,b6916f1e-7a55-473d-8e8f-e6899603194d,1539.7468721009961
201ebc88-268c-4abc-bad9-b0ee1d48c5f8,true,b910cf84-112e-4c30-8f21-5e91eb2520a7,155.15575872593308
209a0809-af5f-4f9a-a0e6-b763e0aadc41,true,ae230964-92b5-4675-86b7-ca5741fb5b89,0.0
20c86257-a390-4a3d-b7dc-13dc27f54309,true,3aa24afd-52f4-4359-ac9e-7e0cf96a8add,179.24190720949264
21216ac7-da5a-45b4-894d-3a27e5e275ca,true,c3264e93-e36c-47d0-a360-104787b69b91,8733.088993825844
2126d3b3-38b6-4ee8-8262-ca41ebe1d853,true,5065570a-e7fc-4213-b800-3c86fbef8e17,3126.085984598036
2152529c-8100-45b1-a702-3372210f60d8,true,28e07a37-6317-489a-8d8b-fada1c7061b2,90.31686048907127
21c0fd9e-4201-4143-9ac1-0c84a056a9ef,true,7ca13ac9-0847-4195-b919-db6981ee4d1d,417.1068990640489
21f5d926-6ef7-4c8a-9372-301121f0e61f,true,86e57599-b2bf-4949-a359-3c6d3415d1c0,328.69747486088926
2317cce0-836f-4b1f-a697-a5e1d084e6d7,true,7d32d95c-30ec-45db-b0ec-9052479d5fcb,8.843878247378186
238eb176-fd58-4c65-bcce-8631e5d3a158,true,25db7b27-0c6e-441c-9693-111d3dcb6d6f,347.47980654952073
23df1eb6-17db-4786-b4de-e5dfb2b8d748,true,5cc15ea1-f052-4d84-8de4-34b7cb7c699f,96.59938622076676
247f943b-6653-4fd2-8692-012678dfa2ed,true,16d2d31e-2d3b-4e7d-a3f9-1b8f76cdb8ca,127.72893149130692
2499cdb4-b593-4b8f-8fc4-0c5dd657327b,true,4bd73b73-164b-4de1-9652-5deaf5e153a0,111.19353809584663
24ce7c53-b1a7-4b0b-8418-6508847a24d0,true,16d2d31e-2d3b-4e7d-a3f9-1b8f76cdb8ca,177.54321477291663
2650eb87-faa6-43a1-bb6e-10e4d08f1485,true,3c209b9c-4e2a-43a9-ae10-5ae34d502f36,3487.113264904648
268192f2-c556-4d25-8a7c-39c5cd1c599e,true,5d1e7e82-762c-4e8c-b42b-55f359cfa194,48.66400911159805
26c04a7a-ca80-44e1-8e56-cd7ee682b897,true,b4d11fea-f42a-4528-b35c-74cc5a1234d2,0.0
26fe1cf4-38e9-4211-8cde-4b5dac200167,true,65ef3cc2-9e4d-4178-a281-45dcaafe46ff,905.9440373974726
276658a0-6e7e-46c0-8aca-fc97055ff6f4,true,4f239489-870e-4765-b4a9-168f2918b86d,477.569425358422
2780b228-46da-46e6-99a7-c0a511da18c0,true,ccbc10cf-6336-40c4-ba6d-919678fef125,0.0
283738b4-a4d8-4758-a080-4bdb94fe42be,true,7d161a9f-d264-4029-b048-343fd39e2bbe,0.0
2839bc36-139f-4179-b978-81d3b2cb65ba,true,2996dd56-7be3-48fe-8568-4e55774106f6,62.379207098756034
2863e9e4-a9bc-4b11-babc-1ea17ff8358b,true,14061531-49fd-4cbe-988d-e90c65a03cd6,7.679651204550957
293612cd-f761-4c4e-9061-60b64d718204,true,cf8344cf-6080-41bf-be14-1a0bf1637362,1111.9353809584663
2978587e-de25-4b94-965c-d055a77009eb,true,dfe4cda0-8022-40c4-9d1b-be340598fb09,98.67906254969344
29b222dd-2306-4d83-809e-c1e2ef9de94d,true,d3f35e96-779f-4248-9f3e-7b43740d8e29,8117.391543268657
2a2a922f-b8bc-4e5f-b6ef-e16994bb531d,true,62d8898f-9286-4b97-930d-ba90adb8f2fa,2426.2481770767786
2a913987-9beb-41bc-9a57-08de342a3966,true,fa124427-bebd-4d73-8980-95bb92b48a06,3301.058162220447
2afed06b-16eb-4b9d-a2ea-879e9676707d,true,2e14808e-2cf0-4adf-aa6f-58711a3ebded,1179.1837663170913
2b029b77-7919-405e-9179-e886a36bcda6,true,be9fde92-8d08-477a-ac08-59c7681d7479,870.4238064524845
2b1efb89-de0d-43c2-ad20-64f631ffd74e,true,3aa24afd-52f4-4359-ac9e-7e0cf96a8add,212.8497648112725
2bb3ddce-c1fe-401d-9e13-da9022387f16,true,3158cecb-6c35-4be0-ab3e-35729c103260,82.52645405551117
2cb78a91-3862-4f01-82e1-8934a7f4aefa,true,d59881fe-8fc2-4918-8c5b-3654c6d4dcbd,5391.662615726174
2cccc4f3-ab4f-459f-ad2f-47e7488145ce,true,dbe18445-7b48-4ea9-a02c-dc38fc280fc0,152.0526435514144
2d7517b0-f9b0-44d6-90cb-07273d609ee3,true,3baa22c5-0176-4c76-80b9-bb1cb78997c1,85.98140100535716
2daf8e16-1521-4334-aac3-13cc523ed20d,true,b6916f1e-7a55-473d-8e8f-e6899603194d,1296.6289449271546
2de9f933-940e-4240-831c-59d6dffdd8ce,true,b5bd5af3-8d58-4036-b6f2-1490a403e9db,4563.531466698468
2deeda51-bbd3-452e-811c-b686add79b5d,true,313ba320-3b50-4526-ba5e-0b06c58a1126,48.29969311038338
2e49eaec-3fa3-4d57-b48c-1e8d819014b0,true,676df48b-fc9f-429e-895a-7ddb0594fce5,660.2116324440893
2f713747-b1b0-40aa-9633-96af9cbf1b97,true,6914d8f3-2ecb-40ec-a907-88ba10f0840e,6.254636517891373
2fcebc83-93ff-4e9a-b9f9-95c3af4f02bb,true,313ba320-3b50-4526-ba5e-0b06c58a1126,32.106522207018095
2ff86532-de13-4ecd-8af6-71815fea1e85,true,9933736e-33df-4a04-b3e1-8b46f1e65187,55.59676904792332
3001ba36-912a-4e5c-bb05-e088ae1abfe1,true,ff04bac3-0a00-4294-b4a1-0e4d757162d0,2626.4929304739385
30759c91-704e-4fc9-92ef-6ffacbc49fed,true,4bf809ab-8d54-4e26-99ec-e58d523ee991,69.49596130990415
31228511-1292-4b3b-b3ac-cfa0053f6e7c,true,ed940e96-1a76-4b23-9a57-efd78f193e26,0.0
31a7fef3-e6f8-42cf-a1db-1038dd0957be,true,b2da8285-0ce6-43fc-80ea-bada4f8477b1,372.3738209422394
31b18e23-3a46-4e6d-9dc7-c6c252ee8909,true,28e07a37-6317-489a-8d8b-fada1c7061b2,64.97615862523112
32a6bb7b-24bd-456a-90a5-7f31e5023aa6,true,cf8344cf-6080-41bf-be14-1a0bf1637362,1320.4232648881787
331b1395-8097-4118-8471-97aaf938cf43,true,6a0c1ce1-370f-4983-a7d7-af0f248dd5ad,2600.9380458263067
332c04b2-3a2d-4ffc-8aa5-a5b11dcfd55d,true,c7ed88e3-9a1b-42d4-aaf4-b1ec5f8db6f8,196.27203478830535
33d3830f-2817-47de-b72f-de97c9df327d,true,f2c2c719-eada-46cb-9598-5c8baac0f7a1,73.69898539481821
33dd47d6-7969-440f-9655-df8b311e4417,true,6f57843f-190c-4583-844e-60ea2b7c581c,139.64018285333978
33e2beff-33ae-40c7-be60-f1dcdb2a3aba,true,6cc5c32d-0d2b-4dc6-8f4c-ad8523e30510,0.0
33faf8c3-5f3d-459d-9172-9fa0c2420097,true,f0665029-ea40-4659-9685-afc8ad1d0c66,3118.8692185997998
34015663-1233-4e65-8869-eaae668ea170,true,ccabda91-ebe9-4f31-b4c4-0a9067ac6cfd,118.19218187132722
340c78b3-aec5-4920-a2a5-d0cc22fbd1d9,true,df9fdb3f-f85a-4b95-b9a8-1f381e9f4dc0,140.63446011572043
3421a205-f152-4e47-8865-d2f2a925a60e,true,4bf809ab-8d54-4e26-99ec-e58d523ee991,96.59938622076676
34b7e9f6-de5a-456c-bd85-e5a093ed9015,true,5065570a-e7fc-4213-b800-3c86fbef8e17,1799.18617818592
35e8fb0b-cb2e-46a9-b7fc-1194c5b73a2e,true,ed940e96-1a76-4b23-9a57-efd78f193e26,0.0
36222eb0-07c0-424c-8283-899405e68141,true,037b04ae-6bf7-40ee-b4e2-b377aaf4cdae,1389.919226198083
36a429cb-c180-4686-ad0d-8bd589aae0f4,true,137b6409-9a0d-4631-8f34-679074507c06,155.15575872593308
36c0172f-2ab4-4cf1-80a8-0219caf764e8,true,520ed4bd-2f25-49f2-a108-5cd725e83688,333.5806142875399
3700409a-c946-49aa-89b8-33f1a9d63869,true,6ea2b283-3c7a-456c-a6ad-addcc9f20e13,31.80693053881628
380577a9-576f-4c5b-8f67-528af294e4c2,true,2e14808e-2cf0-4adf-aa6f-58711a3ebded,1473.9797078963643
38110f5c-3aa2-411d-a68a-40d727817253,true,b6916f1e-7a55-473d-8e8f-e6899603194d,1620.7861811589432
3874a69c-40fb-4537-af8a-a88d4e0591ef,true,d77deebb-445c-43f5-864d-a3a965603779,2000.3068304344108
38869048-afb9-4ba2-8027-59fa79ebaaac,true,8a3605ed-e586-400b-b5b7-95080a8389c7,44.21163344895463
38b7fd64-4d5d-428b-a356-52f1277f76ad,true,afbb1521-ee06-4336-978b-86c51c059387,0.0
38ffe935-833a-45b8-95c5-9fa9fec91637,true,de4428ad-11ad-4d02-b5b7-65529e3ed69b,671.0486564896605
390f1abd-f65d-4973-a886-c1b8852b2d94,true,4bf809ab-8d54-4e26-99ec-e58d523ee991,66.02116324440894
39318e85-0723-4d0d-b1d3-f2285f98366b,true,c2dd43e8-0727-45b1-8a66-71caef94eae4,0.0
3aa150a9-e16e-473b-bf58-411a479688af,true,5fbdb93a-bb7f-41cb-9cfa-0d9bf2acead3,2318.3852692984024
3af31a8f-bcf3-4a20-8a4b-1b691ecb1875,true,c6b7ca6e-3d9d-4feb-8691-5a1d0291b8c1,3318.517680763237
3b69072c-e476-4dc0-b4b9-8171ed2d57bb,true,94245935-d5c1-4a0c-b5e5-2c4f5681bef4,157.01762783064427
3bb4b965-5ae7-4188-88dc-e5ae5a4fea55,true,d9143615-4455-408e-b65f-e8ab94db1ee3,671.0486564896605
3bf7c34a-0134-40e7-ab08-ee1ea512d085,true,421f1286-ce81-46c5-b0c9-0f102b261584,1334.3224571501596
3c143b5c-6bcb-478b-acd9-51a3ef0c4139,true,c51cee3d-d3e8-4f6b-b1c5-6d42a2daf57d,38.81997083322846
3c90dc19-b5a5-4bfa-ac05-fd41ed2cdbb8,true,aa1e0a6c-f3ff-477e-b8dd-99fe5729ec59,407.28386665557434
3c969fd4-5de1-4ce2-b459-8d7110754d9b,true,97663e7e-9b19-4b94-85c9-2d51cc8f85a3,232.73363808889962
3d67933d-7248-4b17-95de-57349201ba0c,true,25db7b27-0c6e-441c-9693-111d3dcb6d6f,482.9969311038338
3d75315e-bc1c-4bed-9105-8f6704f4e1a6,true,23a5d1f6-3a22-4ffb-b1d0-c9503cbee101,69.49596130990415
3e9c1ce3-a3c6-4266-8241-961933993892,true,7d32d95c-30ec-45db-b0ec-9052479d5fcb,9.309345523555985
3ee6c9f9-dc06-4e18-b051-964db89530d7,true,c90b1801-15a8-4f07-9ba7-dcd8f7d57c6b,491.1963677579239
3f851eff-2edb-4146-82cc-9537ef3f4dfa,true,3158cecb-6c35-4be0-ab3e-35729c103260,69.49596130990415
3f8ce6c6-0159-4431-ba37-929aa6525908,true,137b6409-9a0d-4631-8f34-679074507c06,269.58313078630874
3fc61284-6e39-4cf4-a8c4-bee95a3c226b,true,d8cb94ee-255b-4dc3-9e5b-1f8ca96a4188,7.444261257726403
3fe6703b-c72b-4e78-82a8-30237c3f7ee2,true,e8b0ffbd-40de-43a1-9527-72bf03b2eb04,0.0
3ff066d8-569a-4073-8481-49cd15ffdf03,true,d3d8299f-d23c-4a3f-b06f-af6aa1af62ed,27.79838452396166
40038d45-eedb-461a-a318-37f44b037645,true,625f5111-c418-4a16-9bfd-42ab55fde7fe,8.06809945374852
40f9bd15-8b9d-4e88-aef0-b018e3386a9b,true,14061531-49fd-4cbe-988d-e90c65a03cd6,5.559193159741093
411ee43b-5ea8-4891-9999-8543850930c9,true,08941121-fd0f-486f-8166-c3dc98ba11b5,184.24746348704554
41cf4291-8e6d-489c-a03a-8c227b9e0738,true,9f62c86c-514c-40ef-9570-0bba0e33bdaa,596.9617816980275
41de4156-5ae6-4e84-a0fc-6789c68fff59,true,dbe18445-7b48-4ea9-a02c-dc38fc280fc0,264.19146817058254
41eb9551-f2cb-42ad-8e1e-117f58ae1e2d,true,3aa24afd-52f4-4359-ac9e-7e0cf96a8add,311.43281377649345
41fc874b-c1d2-462a-8b18-da74f597a054,true,6a0c1ce1-370f-4983-a7d7-af0f248dd5ad,1777.6195277230154
421b0061-cdb9-4414-bfb5-83508f3db0d2,true,d069f663-0cbb-4068-847a-1dc9a95e19e1,206.357159105491
42b9c4a4-bf4e-416b-9588-026e48351e7f,true,d069f663-0cbb-4068-847a-1dc9a95e19e1,286.8364511566325
42e8e41f-0fe6-44ad-b1b6-0fdba5a44e2d,true,a7699297-b15a-4e94-893e-ce3165fc6d95,114.98329246488886
42f5ba03-6045-4511-bad3-714caedf7212,true,dbe18445-7b48-4ea9-a02c-dc38fc280fc0,190.06580443926802
4386210d-1994-41f3-a217-835032991e5a,true,9f62c86c-514c-40ef-9570-0bba0e33bdaa,502.70465827202315
438803e7-8279-4c93-9bb9-315476cb0a95,true,577b5e0f-ac57-4b45-988f-6d0a1981931e,493.783202145282
44b33112-c089-4cd4-831d-b1b432f8499b,true,afbb1521-ee06-4336-978b-86c51c059387,0.0
44f41a7a-4f88-45f7-80bf-3536bb1ed91d,true,0153613d-fb00-46be-a594-6ffbc169f998,131.3246465236969
44f85239-97e3-4d9f-b44a-95def82737d8,true,d8cb94ee-255b-4dc3-9e5b-1f8ca96a4188,10.424394196485622
4530f228-c951-4a36-8a77-c2435bd320f3,true,7b9b2a53-84bb-4633-9b1f-8af7618b5903,1.3509969556827475
453c244a-4a24-4645-a4ee-0842e4f4d6b1,true,9f62c86c-514c-40ef-9570-0bba0e33bdaa,873.4493437476402
4562cf9d-8f8c-45a3-9724-69d762a25009,true,d069f663-0cbb-4068-847a-1dc9a95e19e1,196.03930115021646
4608286b-75ad-4a3f-b166-47ccef3a7e90,true,d3f35e96-779f-4248-9f3e-7b43740d8e29,5839.850031128531
46ede8ca-8a07-4f4f-b0be-0a36105fe31c,true,b8126bab-1568-4eb8-84d3-fc2ec8f6789c,14.176678266362726
476375e4-0c19-49a4-9e5f-6b5cc5543b13,true,684977cf-6a98-40d5-b598-c7d751a4ad15,3415.951024430484
47c37496-6176-41f9-b0b8-15a4a9db7001,true,b2c70e87-7f1a-4b3b-aa05-b3ec065968ac,236.61253205704796
482286a2-415e-4a9a-8d26-41bda149b7c7,true,dfe4cda0-8022-40c4-9d1b-be340598fb09,117.18138677776096
486f7173-d881-4efc-a6ad-51b382c9b5f6,true,62d8898f-9286-4b97-930d-ba90adb8f2fa,1658.2271713834098
4989adf1-9e21-4995-8865-c755556cada5,true,c6b7ca6e-3d9d-4feb-8691-5a1d0291b8c1,3152.5917967250753
49d583bf-c8fc-443b-9cf5-f412bfbd7e63,true,2996dd56-7be3-48fe-8568-4e55774106f6,52.529858609478765
4a11fcc6-a6df-445e-848b-3dcb8634f7d1,true,9d2008f6-90ec-4586-8ddd-926e12387d4a,0.0
4a48475d-0d16-4eba-81a9-1751725c9014,true,2b71aaad-ddd7-4c09-8f85-c17132711251,482.9969311038338
4aa71fb0-12c9-4527-9555-8b2ed6cca2fa,true,246683e2-d60f-4173-b804-99f8e3efc48c,1645.8922885646982
4d170ae2-3141-4aa0-a79a-fbc925e0b2b8,true,13277d5a-fba5-4d83-98b6-606fe635c459,65.36095161196485
4d28b325-4e93-484c-b57d-8dae8c40eec1,true,d1ee8069-9a96-4380-93b1-ece2de0bed46,111.62594954514238
4d296aec-d369-41ed-a51b-18367ea393d5,true,11ca7378-2abe-43ce-91f6-219517693f92,660.2116324440893
4d83c146-2865-45a6-952e-5cc9cbe97152,true,6cc5c32d-0d2b-4dc6-8f4c-ad8523e30510,0.0
4e2bbfd5-1d29-4855-906f-2d614de2263d,true,c7ed88e3-9a1b-42d4-aaf4-b1ec5f8db6f8,272.8181283557444
4e386ff2-6092-41f5-b403-8d9e43c22554,true,7ca13ac9-0847-4195-b919-db6981ee4d1d,610.2932523147663
4ea33551-98c7-4f6a-ab8e-a8e43f585868,true,de4428ad-11ad-4d02-b5b7-65529e3ed69b,536.8389251917284
4ecd3016-be90-4785-b9e1-0634df492dfa,true,09150d6f-52ac-4e7a-b3cd-9c565f6e1340,5365.009052814473
4f3782a7-c88e-40c4-9c9e-a30622d78c78,true,5cc4046d-30b6-4320-a6a1-2e86ee77519e,2017.02486343713
4f51fe16-dc81-45c2-a8f0-0f328a66a8d3,true,31bd61c2-b577-4e8a-ac5c-1533da8b38c5,94.94
503017be-2b0f-4b6a-aecc-fc332d566a34,true,d590b4f8-a1c1-4324-9fd8-4c67b2445901,12897.322444093188
50362c2b-10a4-41b2-94d7-77b16c29c0e4,true,07876662-9f29-460d-aafd-0d1569c855a3,0.0
509aea41-9623-4921-9c67-443175c360cc,true,f47e1b07-a794-472c-88b3-9ceeea18c4f5,118.98187945606202
50b8218d-68bd-4729-afa6-ba80d8c5d3a1,true,269016fe-40c1-44a1-9e8e-38b1be375ee4,1319.211838567246
50ca41a7-df41-4af9-b86e-f49035e6340f,true,5d0c5edd-cf8c-4e72-9491-67270afcc0f0,3.4747980654952073
51b0d3b1-1f88-4dd8-90fa-330b216f205c,true,07876662-9f29-460d-aafd-0d1569c855a3,0.0
51fedd92-a669-4ef1-b694-db45105f2748,true,3baa22c5-0176-4c76-80b9-bb1cb78997c1,49.48569842034944
52b47de4-883f-4683-baf1-046fffbbd9d8,true,ad16cee4-f6ae-499f-ad2c-c6d2ca209099,96.59938622076676
53183828-a188-4c9a-9d16-2b78080d27d8,true,8ea0a884-19aa-433e-969e-f4dcaa230d8c,69.49596130990415
54366b5e-ace0-45f5-ba7e-d4d73a338ad4,true,25db7b27-0c6e-441c-9693-111d3dcb6d6f,330.10581622204467
5438b891-b4dd-448f-86c6-fd0b2dba7cfc,true,157fa578-37a3-485f-8aaf-f2451856f5dc,138.9919226198083
5450f475-fea2-4d64-aff4-837f9efc912b,true,625f5111-c418-4a16-9bfd-42ab55fde7fe,9.580868101326368
547e76db-33ff-49bb-bf31-a881ef630d93,true,0153613d-fb00-46be-a594-6ffbc169f998,164.15580815462116
5491fb78-f7c1-4a9e-9614-c89128cb460a,true,f342db9f-0f12-401f-8799-291d480ad2cf,151.9695393743375
54d7dc71-3fd2-4264-b417-1cf887fa95d4,true,14061531-49fd-4cbe-988d-e90c65a03cd6,4.447354527792874
55217e20-2b90-479c-b2c4-1ccb1d5995e1,true,09150d6f-52ac-4e7a-b3cd-9c565f6e1340,6370.948250217187
55445b9a-9446-4b0e-8d6b-16f6e0ea11d7,true,577b5e0f-ac57-4b45-988f-6d0a1981931e,519.7717917318759
5544e1a2-baf9-4b99-964e-ee6c5b0b973a,true,56fd0606-17f8-431c-abcd-b52b65601c2e,55.59676904792332
5555fd71-c5e0-45a0-ab3d-127b09ce55fc,true,2c258b6b-f0b7-4030-9274-3b9a5cce2d16,27.79838452396166
55f4b991-8414-4ce4-abad-4e08fb477445,true,d9143615-4455-408e-b65f-e8ab94db1ee3,637.4962236651776
5667b6a9-b701-4a51-9baf-f5c8813952c7,true,577b5e0f-ac57-4b45-988f-6d0a1981931e,722.4827905073074
5687841c-4f4a-409a-bdc6-341394038f62,true,0ebe6708-0b9f-44d9-9db5-684ecdb75291,3742.7524259253623
579d71a7-cfe5-4e58-8843-3c7ad27d46ff,true,c51cee3d-d3e8-4f6b-b1c5-6d42a2daf57d,27.928036570667956
57ea18be-1346-48c5-ac14-95e887f6bd7b,true,9d2008f6-90ec-4586-8ddd-926e12387d4a,0.0
57fee0d6-4015-4f97-8e55-6a00ee96d0ab,true,817d0f75-2d63-4f62-a6dd-440bd4540757,2155.3077282387344
585915da-b384-4960-9c39-1434602d22ef,true,399ac0e7-4ef9-4a67-99e5-0f642cc14242,173.83375668847646
58a94108-2fac-490a-b813-d3ae7b53850a,true,d590b4f8-a1c1-4324-9fd8-4c67b2445901,10860.903110815316
58c69215-84ee-4818-abc5-e1cdfbf4744b,true,77c52334-ba57-424f-9601-39be9ba05af4,15224.833203408396
59016370-9273-4ff1-8248-5978a594c5f0,true,b9d9f5bf-c7d7-4593-b54b-d992d99e9e40,567.7796235949112
59127b55-8ca7-49a4-8dbc-116e14c8f33c,true,d59881fe-8fc2-4918-8c5b-3654c6d4dcbd,3684.9492697409105
598aabc9-fd17-4595-9051-655f420d50e5,true,21eda709-ec1e-4ab5-8e15-6499abde3f31,21.372705764497283
59979395-7548-4db3-bc7c-f81bcaac39de,true,0d7cd4ae-e949-45a8-a39e-189b553ffad0,19319.87724415335
59ea5385-ec5e-43c0-9cb8-9d82347fc522,true,21eda709-ec1e-4ab5-8e15-6499abde3f31,17.998068012208236
5aa47138-352e-41d4-b4fe-89cd4898682c,true,f6e59778-267f-44a4-8c5f-3611d4306590,8316.848069981626
5b4166ea-10c8-4a67-a57f-19d35d0a3d7a,true,c897a38d-2756-4768-b138-c248eea4b61b,0.0
5ca348b9-d5f7-43d5-87ba-3a4c07be3a32,true,fab4f90c-0a0a-42ad-a8c7-5284082a7392,12396.308207691514
5df542c5-2504-4a2f-8806-c2b585f54b6c,true,8a3605ed-e586-400b-b5b7-95080a8389c7,30.21658401187547
5e45e43f-95b3-42a6-bed5-be8f59eb6086,true,c3264e93-e36c-47d0-a360-104787b69b91,9192.725256658785
5e489931-693f-4cd9-ac61-62fdcef5eaa1,true,1b782273-fb4a-4055-8227-5543f3d14653,4820.070610563327
5e813d47-719f-47d3-ac0e-2d58b4dd39b3,true,b85fa894-0c23-4f3a-b613-62dd3ce9ab1e,1.078332523145235
5efc7457-492d-4993-933f-f6becad21e05,true,269016fe-40c1-44a1-9e8e-38b1be375ee4,1110.9152324776808
5f2c7382-074e-4f8f-a916-24f15083c333,true,97663e7e-9b19-4b94-85c9-2d51cc8f85a3,186.1869104711197
606a5853-495b-44ca-a8b1-64fe5f47c8f1,true,313ba320-3b50-4526-ba5e-0b06c58a1126,33.01058162220447
61d0736c-6796-4c4a-8a2f-be65f553bcee,true,5fbdb93a-bb7f-41cb-9cfa-0d9bf2acead3,1334.3224571501596
6237a85d-cf6b-4945-a680-5c5eddf18237,true,5d0c5edd-cf8c-4e72-9491-67270afcc0f0,4.829969311038338
6285138f-ad41-42b3-a7af-9c44672d3720,true,6b7122c2-c3b8-42ce-9c75-070578c6970a,269.58313078630874
62ac996d-dc5e-4ed5-bd81-8f98fa243173,true,2e14808e-2cf0-4adf-aa6f-58711a3ebded,1400.280722501546
62df2a54-53b3-45ee-b954-07697d8a1d16,true,b015beef-7032-46aa-a800-14115eb361c8,8220.065998222786
62e3b090-9e1e-4c89-ac16-64a24d8a243c,true,3baa22c5-0176-4c76-80b9-bb1cb78997c1,61.857123025436806
62e84f54-d636-473f-85c5-9fbc3b70d246,true,5658e359-4695-426b-8e69-8082906cddc1,40.873130065815765
63a12957-b24c-4d3d-bc2d-1f871a7de664,true,7d161a9f-d264-4029-b048-343fd39e2bbe,0.0
63a3af83-09e7-456f-9f73-d13d850cdffc,true,676df48b-fc9f-429e-895a-7ddb0594fce5,555.9676904792332
63e6563b-7361-445d-912c-8093b17e3b09,true,6ea2b283-3c7a-456c-a6ad-addcc9f20e13,30.21658401187547
643ad291-2836-4c11-adf1-5c089df3b40a,true,313ba320-3b50-4526-ba5e-0b06c58a1126,46.97691143974227
644a0b30-e37b-4094-b72c-64d7debeffa5,true,399ac0e7-4ef9-4a67-99e5-0f642cc14242,206.42758606756578
6573e7ee-a5d0-4d13-aabb-a7e9f28ff47b,true,f6e59778-267f-44a4-8c5f-3611d4306590,8754.576915770134
65e709c4-2563-41ae-b236-d85b841ddb54,true,7d32d95c-30ec-45db-b0ec-9052479d5fcb,7.447476418844788
6644b425-d7ef-4bff-873f-ea6f5b491667,true,fdf33e72-3636-4698-9043-10b52a9d5434,16505.290811102233
664fe87a-d3ef-40b8-94e0-4066219cb88e,true,56fd0606-17f8-431c-abcd-b52b65601c2e,96.59938622076676
665332f3-4e07-4485-ae9c-c121df546249,true,f47e1b07-a794-472c-88b3-9ceeea18c4f5,174.08927625676444
67f51af4-2767-4b1d-82bd-c6220474417b,true,f342db9f-0f12-401f-8799-291d480ad2cf,121.57563149947
681c6228-3c9c-4c26-83e2-1bbb12bb69ec,true,ae230964-92b5-4675-86b7-ca5741fb5b89,0.0
687a1db7-01c6-48da-9147-47211f505f45,true,421f1286-ce81-46c5-b0c9-0f102b261584,1584.5079178658145
68a99cae-6595-4263-b437-335fecc745b2,true,71c68e75-cdf2-499e-baac-a626c55159c3,7.757787936296654
68b9c8e5-ab5b-4406-a4d8-d32436e38dd6,true,0ebe6708-0b9f-44d9-9db5-684ecdb75291,3939.7393957109075
691205f0-16f9-4482-8413-5089a7a273b7,true,529018e6-e364-460e-8e06-b6f24efe7983,275.78175769976355
696b93c2-e65b-4b69-8262-a2022d25f5a9,true,09150d6f-52ac-4e7a-b3cd-9c565f6e1340,6706.261316018092
6a248238-d95e-4b4e-8a0a-caec3f485fca,true,5cc15ea1-f052-4d84-8de4-34b7cb7c699f,69.49596130990415
6a6ec2fb-bf7d-4748-831d-5d8b5618e2f4,true,5cc4046d-30b6-4320-a6a1-2e86ee77519e,2803.664560177611
6a6ece25-ea36-474e-95b3-5b75c819e2b9,true,9b704240-1e2c-4dca-ae74-35ec4780f5a0,1738.7889519738017
6b8fbe64-f426-47ba-bcf7-daac6a7d4195,true,157fa578-37a3-485f-8aaf-f2451856f5dc,193.19877244153352
6ba5c618-81c9-40de-950a-20b0c90fe6e0,true,c85d04ff-f7ad-4ec0-bc40-17e6717f6be6,107.98840807324942
6c150d39-41c7-445f-b460-d97c4f1e7b2d,true,7ffb0758-e252-4c9f-a34d-00c2a1688c77,4366.544496912922
6c6d0975-64dd-4d25-ab18-95c83da176d2,true,77c52334-ba57-424f-9601-39be9ba05af4,8762.49393001922
6d4f6a71-ec69-4b20-b725-d7349fc06832,true,f47e1b07-a794-472c-88b3-9ceeea18c4f5,125.24408363796002
6e1736e1-8b08-4ffe-a7a2-97cc60e7cb47,true,ff04bac3-0a00-4294-b4a1-0e4d757162d0,3118.9603549378016
6e3dbd1f-af0a-4af4-a4a1-0b59d00a4a46,true,684977cf-6a98-40d5-b598-c7d751a4ad15,3595.7379204531408
6e7c299f-4958-451a-be1f-06b07c7465f8,true,e44d3bee-70a0-45ea-9e30-ea00d131896c,93.56881064813405
6eb55810-4411-4592-af6f-bb0cf4034b73,true,23a5d1f6-3a22-4ffb-b1d0-c9503cbee101,66.02116324440894
6ecb3f0a-1408-49a0-8ed7-5ca312207dde,true,6ea2b283-3c7a-456c-a6ad-addcc9f20e13,44.21163344895463
6f2786d7-8bb3-497f-9c2a-cea123bbca92,true,e8b0ffbd-40de-43a1-9527-72bf03b2eb04,0.0
6f9e807d-94ae-4e7e-bbb4-70bb85a948fb,true,a2eea809-cf9b-48e6-a0ec-12d65674ac75,1085.5860548656722
6fa559f4-a02a-4122-a607-df23684ab26b,true,625f5111-c418-4a16-9bfd-42ab55fde7fe,10.08512431718565
701b2cf8-1ace-43ce-8bbc-767e60b820cd,true,65ef3cc2-9e4d-4178-a281-45dcaafe46ff,521.4066402287613
701b79d3-0f81-4c07-91e2-4a5af57520d6,true,5fbdb93a-bb7f-41cb-9cfa-0d9bf2acead3,1667.9030714376995
7055471f-f927-4f87-bc22-2b165fc3f767,true,ccbc10cf-6336-40c4-ba6d-919678fef125,0.0
7085d219-82cd-4fa6-ab41-22eb3e9c6223,true,7b9b2a53-84bb-4633-9b1f-8af7618b5903,0.9233432430925252
70b0a186-1298-4df5-a922-a3b3be24fc95,true,137b6409-9a0d-4631-8f34-679074507c06,184.24746348704554
70b16675-0313-4856-b900-171151c59ccc,true,2b71aaad-ddd7-4c09-8f85-c17132711251,330.10581622204467
70dac3e6-44e9-41d5-aa68-ab44a8f9275c,true,ad877b74-a08c-4bb4-b79a-ea35b23058fe,1334.3224571501596
7101f76e-ecb9-4b91-8a88-bd574f1681c9,true,e44d3bee-70a0-45ea-9e30-ea00d131896c,98.49348489277268
722ff758-ea90-46f3-a896-ab11da839b0f,true,529018e6-e364-460e-8e06-b6f24efe7983,327.4908372684692
7274b1fb-0198-4a20-a82b-6e941107f417,true,9c28df09-deeb-4cf5-96b0-a724febb284e,6602.116324440894
72f06434-3bf6-41e6-a326-e74657092a8c,true,cf8344cf-6080-41bf-be14-1a0bf1637362,1389.919226198083
733dee5d-b992-4409-8b56-928ed389b06f,true,0153613d-fb00-46be-a594-6ffbc169f998,228.1765733349234
733fa6d6-c280-4efa-8a60-60d4820a470b,true,c196df96-6816-472c-a105-52e067d8cf48,1954.497092670579
73a6c8d8-655b-4497-aa72-1e434151bf8d,true,9933736e-33df-4a04-b3e1-8b46f1e65187,69.49596130990415
73b6401a-19f9-4756-9811-f449e36ac5de,true,399ac0e7-4ef9-4a67-99e5-0f642cc14242,302.03615224622786
7432f02d-7b37-4590-af8a-886939359a1f,true,037b04ae-6bf7-40ee-b4e2-b377aaf4cdae,1111.9353809584663
74932cd2-43aa-444f-850d-c710a40f0183,true,b5bd5af3-8d58-4036-b6f2-1490a403e9db,2626.4929304739385
754e782f-ed25-420d-811b-db6b195360a1,true,0f9efac7-7931-4c8e-959d-e2dd82533c7a,1209.8890909689535
75dfa776-dba6-439d-b2e2-44af670947dc,true,684977cf-6a98-40d5-b598-c7d751a4ad15,5506.585095241773
76162381-e9c5-4d9b-9f11-4e21fc08622a,true,07876662-9f29-460d-aafd-0d1569c855a3,0.7757787936296654
7668e49f-a0e3-4046-96ad-739c9419b0bf,true,817d0f75-2d63-4f62-a6dd-440bd4540757,1473.0520444797105
7679a49c-164b-48f2-846b-efbca1788847,true,6f57843f-190c-4583-844e-60ea2b7c581c,242.62481770767786
779f2698-46af-4fb0-9cdd-ec42a08e1be4,true,f342db9f-0f12-401f-8799-291d480ad2cf,144.37106240562062
77f34813-7379-4354-86b4-b97a592aefcc,true,aa1e0a6c-f3ff-477e-b8dd-99fe5729ec59,325.82709332445944
7870d677-b9e7-46fc-9315-b897f78b863e,true,1b782273-fb4a-4055-8227-5543f3d14653,6025.0882632041585
78b7e8c8-5cba-426d-8c76-e3614f722dc0,true,cfc294d3-e2da-4b78-a134-1dcea59a5a5f,0.0
78e4f94e-3dc6-4d1b-bef8-1ecba208a74a,true,de4428ad-11ad-4d02-b5b7-65529e3ed69b,932.7576325206282
79a1f31c-2e8d-4ed7-84c6-f76855c41ecc,true,8a3605ed-e586-400b-b5b7-95080a8389c7,25.445544431053026
7a3ef9ae-d1b8-4899-a717-23a0abaf8e2d,true,28e07a37-6317-489a-8d8b-fada1c7061b2,51.980926900184905
7a46b10e-08ac-434b-8bc6-5dfdd1ca7c77,true,86fc5d8c-e959-468a-8f6f-8da98bebdfb5,2225.755268628967
7aefc1c6-3f0b-4a9d-83b4-8972791928c4,true,99bc3c56-72ec-4765-b545-1849669f52a8,328.69747486088926
7afc6dd0-325a-4ce2-8511-f3d872422a73,true,313ba320-3b50-4526-ba5e-0b06c58a1126,33.796339165282205
7b022536-b8bf-4033-ad4f-f8738cbcb481,true,afbb1521-ee06-4336-978b-86c51c059387,0.0
7b4e25c8-87cd-4bc7-b01e-093e1fcf7f7f,true,9f62c86c-514c-40ef-9570-0bba0e33bdaa,628.3808228400289
7c32180f-4d5e-43db-9987-dedd30cdc10c,true,269016fe-40c1-44a1-9e8e-38b1be375ee4,1930.2152164299705
7cf7f7fa-c44c-4845-8aff-11f3e35a2967,true,6cc5c32d-0d2b-4dc6-8f4c-ad8523e30510,0.0
7d2bfe36-c291-47e3-9970-63bcd19c1ece,true,fab4f90c-0a0a-42ad-a8c7-5284082a7392,13048.745481780541
7d5fca45-ef44-4d9f-a7c2-f0d9036f616f,true,bb9767d3-3634-4051-b143-c00d0b233fb5,1320.4232648881787
7dba6215-d123-41ef-b52b-d942f7ea11f1,true,b5bd5af3-8d58-4036-b6f2-1490a403e9db,3118.9603549378016
7eb80d21-b5e5-4016-8d68-aeca7d792d95,true,86fc5d8c-e959-468a-8f6f-8da98bebdfb5,2327.3363808889962
7ed3d03e-82db-4f8f-8bf1-f1c439d17cb3,true,c7ed88e3-9a1b-42d4-aaf4-b1ec5f8db6f8,157.01762783064427
7eeecd1c-c377-44dd-8d2b-9251a825bb8b,true,269016fe-40c1-44a1-9e8e-38b1be375ee4,1388.6440405971011
7eff2ef9-0847-4f15-8a71-9e3c5516f9a9,true,56fd0606-17f8-431c-abcd-b52b65601c2e,69.49596130990415
7f3f8ce4-b009-4adf-92b1-34908bf695ab,true,b85fa894-0c23-4f3a-b613-62dd3ce9ab1e,0.6689163983494403
80012868-8339-4941-8b5b-6602ea33a774,true,fdf33e72-3636-4698-9043-10b52a9d5434,24149.84655519169
80c6cdc0-9849-48ef-856f-6948bf90f99a,true,e9971242-d5a3-4f0a-a84d-5b2c8b5c630e,1483.3542188385852
811ab876-feca-4e20-9333-3611477e49c3,true,ed940e96-1a76-4b23-9a57-efd78f193e26,0.0
8183a5b0-5dab-4090-b201-adf19b66b311,true,d069f663-0cbb-4068-847a-1dc9a95e19e1,165.0857272843928
827f11b2-62b8-482b-be6b-9b3894668f40,true,313ba320-3b50-4526-ba5e-0b06c58a1126,27.79838452396166
8342cfbb-dbc6-41f4-a39b-e3d687ca0ea3,true,d590b4f8-a1c1-4324-9fd8-4c67b2445901,13576.128888519144
838a4a7d-a170-406d-a151-a5d2b7afb062,true,fab4f90c-0a0a-42ad-a8c7-5284082a7392,10438.996385424432
83956ccd-4a95-4bf2-bcb3-c42676c32846,true,3c209b9c-4e2a-43a9-ae10-5ae34d502f36,4358.89158113081
83debc46-4a5a-42dd-9dc0-ca8028ec5208,true,ebe7bf7f-ebb6-4493-b74c-d8c95439bd91,799.3624689560072
8447dc3e-9001-43d4-839b-2605c440ebd0,true,520ed4bd-2f25-49f2-a108-5cd725e83688,579.5963173246006
84665d8c-0072-45ee-ba81-49b0b4c33003,true,5cc15ea1-f052-4d84-8de4-34b7cb7c699f,55.59676904792332
84e76933-e21b-4bd2-871f-a6efdffa94d0,true,6de07e4a-014f-4c28-bc48-19869b5e1c5c,116.36681904444981
856cf5ff-33dc-46dc-8739-3eb583abc505,true,4f239489-870e-4765-b4a9-168f2918b86d,596.9617816980275
85e372e9-9860-4fc2-85d0-6815ce959ae7,true,817d0f75-2d63-4f62-a6dd-440bd4540757,1550.5810994523267
85e7a82b-c504-4738-a11d-e39b59195ab6,true,6a0c1ce1-370f-4983-a7d7-af0f248dd5ad,1496.9427601878024
866d4508-a95e-4ff6-bdb2-57522e27648a,true,d3f35e96-779f-4248-9f3e-7b43740d8e29,4671.8800249028245
86a37cbb-376d-4581-98fc-c02a1516fc24,true,ebe7bf7f-ebb6-4493-b74c-d8c95439bd91,949.2429318852586
86ca3603-9f64-4a06-bfea-500f44c3177f,true,99bc3c56-72ec-4765-b545-1849669f52a8,345.99734195883076
8720c254-e46e-4c29-99fd-3c7f0cc25b49,true,d8cb94ee-255b-4dc3-9e5b-1f8ca96a4188,8.339515357188498
8732df19-2600-4397-b07b-4bfb20b2aea5,true,3aa24afd-52f4-4359-ac9e-7e0cf96a8add,224.0523840118658
878239fb-1182-40a9-b089-cf07e900956f,true,b4d11fea-f42a-4528-b35c-74cc5a1234d2,0.0
8817dfef-9d7c-40ae-8e71-a1e409a08d23,true,f4e166f2-3b20-4b01-ad01-99a025a5013a,166.78474746686516
8838dbc9-9806-4387-a0bb-d2475f214150,true,cd1f7f41-ad40-46ec-9303-6bee586c2890,14.799364334307171
885594f8-86d1-4fe8-8770-4c844a5b3caa,true,3ccdb690-945b-482e-b410-ba198a0fec16,193.19877244153352
88910c80-f5c0-4ebe-ba10-d7149ecccc55,true,afbb1521-ee06-4336-978b-86c51c059387,0.0
88ff9d2f-f0ea-42f0-a622-231cdebe1887,true,30e18f18-cd57-4e0b-a277-da3d6b321b26,9903.17448666134
8a0ef186-3e37-4844-8e6e-9732d19ef351,true,07876662-9f29-460d-aafd-0d1569c855a3,0.0
8a2dc0f5-248f-44e3-b430-53cf1336d63a,true,399ac0e7-4ef9-4a67-99e5-0f642cc14242,217.29219586059557
8a4f87c8-bc8e-4849-8758-5fa8ecb44add,true,97663e7e-9b19-4b94-85c9-2d51cc8f85a3,323.49975694357045
8a605f06-2a27-448f-8d06-0e5c87393b70,true,4bd73b73-164b-4de1-9652-5deaf5e153a0,132.04232648881788
8b274f7a-d646-40d0-b0fa-0f9503c2ab72,true,f0665029-ea40-4659-9685-afc8ad1d0c66,3898.5865232497495
8b7e50e9-e570-4dcc-8f8e-cfee5c72ce41,true,94245935-d5c1-4a0c-b5e5-2c4f5681bef4,186.45843304889007
8b917a96-4728-45fc-af67-eca02a825c45,true,f4e166f2-3b20-4b01-ad01-99a025a5013a,208.48093433358144
8c1dae68-4540-45dd-9925-a0c162c76a9a,true,3baa22c5-0176-4c76-80b9-bb1cb78997c1,88.28
8c38577b-369e-4dfd-8a08-c048f1db4c4e,true,23a5d1f6-3a22-4ffb-b1d0-c9503cbee101,96.59938622076676
8c40ea5c-4891-4b2a-ad61-c6812a7e29f4,true,2b71aaad-ddd7-4c09-8f85-c17132711251,347.47980654952073
8e2fcc9f-c4f4-4c4e-aee7-5ec41c46ee9f,true,bb9767d3-3634-4051-b143-c00d0b233fb5,1389.919226198083
8e7133f7-a2e5-487b-923f-fd42108305c2,true,23a5d1f6-3a22-4ffb-b1d0-c9503cbee101,55.59676904792332
8ef03dc7-5041-4214-9940-f519903d1c1a,true,d1ee8069-9a96-4380-93b1-ece2de0bed46,155.16006986774792
8f0c73da-6277-4b77-8d8f-28684b02f37a,true,0ebe6708-0b9f-44d9-9db5-684ecdb75291,3151.791516568726
8f2f8c51-e777-467b-b944-b0d33ff0ad21,true,b9d9f5bf-c7d7-4593-b54b-d992d99e9e40,326.7796394790856
8f78929c-d27b-4a3e-93d0-3844d82c8cf5,true,6de07e4a-014f-4c28-bc48-19869b5e1c5c,110.54847809222731
8fa3123b-68aa-49b7-b3ce-613b1658d79c,true,d1ee8069-9a96-4380-93b1-ece2de0bed46,89.30075963611391
8fbbab4d-8322-4fec-ba7c-f502d7062af3,true,fdf33e72-3636-4698-9043-10b52a9d5434,13899.192261980828
8fc592b5-0216-4206-91af-2990d36ca3a0,true,49062032-e704-4906-9a06-35f1a9a41c6c,732.1877832156144
8fe38281-088e-4fc8-9b54-e7a488536db2,true,e7197e3a-928b-4450-8a63-5d55aaed01bc,0.0
8fea0a59-862e-4d10-ad22-08f7fea853ad,true,b8126bab-1568-4eb8-84d3-fc2ec8f6789c,16.834805441305736
909b52fe-199e-4a6d-80af-f47864b33a24,true,645cd05d-139f-48e0-a1d3-fdfacd5e5edb,100.98338578521728
90caefa7-c714-4891-b1ec-4c5d7b0b720b,true,ccabda91-ebe9-4f31-b4c4-0a9067ac6cfd,205.35891600143106
914175bd-e67e-4f2c-b6d9-e2d175cba802,true,5065570a-e7fc-4213-b800-3c86fbef8e17,2248.9827227324
915cd9f0-7590-476c-8661-1f4fe64150e8,true,df9fdb3f-f85a-4b95-b9a8-1f381e9f4dc0,167.003421387418
91f23371-ed14-4d21-9c3d-1e31892a6f55,true,f2c2c719-eada-46cb-9598-5c8baac0f7a1,107.83325231452349
91fa51a5-d027-4c89-94ac-3402abc470b9,true,7ffb0758-e252-4c9f-a34d-00c2a1688c77,3677.090102663514
92935942-108e-49de-b1e8-2afcf454d2d8,true,b5da7a1b-c9b3-4930-8751-c84b3dbbeb44,300.91660383890525
93d03bc4-d009-4dbf-a6ea-1f5758e5886e,true,fab4f90c-0a0a-42ad-a8c7-5284082a7392,18137.756219674953
940c40d1-bdd8-4e03-a7bb-8a9fb0a35c8e,true,c196df96-6816-472c-a105-52e067d8cf48,2057.3653607058727
949988dc-cc6f-4fa8-82bc-81b49fa97fe0,true,0153613d-fb00-46be-a594-6ffbc169f998,155.9480177468901
9546feae-74b7-4e91-a9af-c1bc007cd4c6,true,e7197e3a-928b-4450-8a63-5d55aaed01bc,0.0
96070338-a70f-4824-9fb1-7f49861d48f5,true,ff04bac3-0a00-4294-b4a1-0e4d757162d0,4563.531466698468
9637235b-a67f-435e-bd04-f1df7ec9ee32,true,684977cf-6a98-40d5-b598-c7d751a4ad15,3169.2576087722437
965cf098-e144-45c9-8f22-2c251940e71c,true,5cc15ea1-f052-4d84-8de4-34b7cb7c699f,66.02116324440894
96b8aed7-a7a2-4957-87f6-1952f8e7c3f0,true,1d86f92a-f7dc-4a3f-bab1-05bb841bc5ff,2179.2789981247747
96d91d76-b4d6-46da-9a26-a72308b9d79d,true,49062032-e704-4906-9a06-35f1a9a41c6c,500.4161108308157
97a574f8-91d8-487b-a628-251a33172346,true,2c258b6b-f0b7-4030-9274-3b9a5cce2d16,33.01058162220447
97b8df8e-e7bc-42ca-a6cc-4a5568c0cb9f,true,b85fa894-0c23-4f3a-b613-62dd3ce9ab1e,0.7369898539481822
97e32fc9-7501-4ada-a2fa-d32d5c5804a3,true,6b7122c2-c3b8-42ce-9c75-070578c6970a,155.15575872593308
98912d0b-f770-43ee-9f2f-723d6389fe45,true,94245935-d5c1-4a0c-b5e5-2c4f5681bef4,272.8181283557444
98d57cd9-f8a2-4a16-b5c2-7c300577b546,true,cfc294d3-e2da-4b78-a134-1dcea59a5a5f,0.0
9989c059-400d-4f2b-9346-7986067e907d,true,07876662-9f29-460d-aafd-0d1569c855a3,0.7369898539481822
99bd72c6-3197-483d-8d3c-63409c766097,true,037b04ae-6bf7-40ee-b4e2-b377aaf4cdae,1931.9877244153352
99ed59a3-b80d-4424-bd8d-d5463e13c18d,true,a2eea809-cf9b-48e6-a0ec-12d65674ac75,914.1777304131977
99fafabc-d547-4fd1-b17e-64955e0cd6c8,true,7d161a9f-d264-4029-b048-343fd39e2bbe,0.0
9b3f004a-4998-485b-bac3-4e64ec7c1b6b,true,9c28df09-deeb-4cf5-96b0-a724febb284e,6949.596130990414
9bfa5290-32ee-4bee-85c6-79b1a95ee620,true,62d8898f-9286-4b97-930d-ba90adb8f2fa,1745.5022856667472
9c21aa68-0c6c-4248-900b-f4d297d71ce6,true,3158cecb-6c35-4be0-ab3e-35729c103260,120.74923277595845
9c2c14d2-a25f-42b9-8960-ecd6b192cb13,true,1a0dc451-e9b5-4c0f-b88c-89abd2e4e340,951.4151125074217
9c4b84ef-b653-4b5c-8581-914588b5e52d,true,c2dd43e8-0727-45b1-8a66-71caef94eae4,0.0
9cbb1172-41ab-4bec-842d-1b3e9e6d449b,true,ed940e96-1a76-4b23-9a57-efd78f193e26,0.0
9cc5a7da-331e-4280-b6d0-1e19ed73e107,true,30e18f18-cd57-4e0b-a277-da3d6b321b26,8339.515357188497
9ce95dbf-209f-4c86-8d0c-9c682e351b9b,true,684977cf-6a98-40d5-b598-c7d751a4ad15,3961.5720109653043
9ced9e2a-0607-417b-9c1f-e6ed1ec2f2b6,true,71c68e75-cdf2-499e-baac-a626c55159c3,7.369898539481821
9cf7aaee-df97-4bbb-8ee1-40ec82cf4054,true,f0665029-ea40-4659-9685-afc8ad1d0c66,5419.035267317152
9d782d15-e379-4733-a1be-03d58e53f066,true,11ca7378-2abe-43ce-91f6-219517693f92,555.9676904792332
9db31a05-e390-4d6d-8f17-6ac57923f03a,true,529018e6-e364-460e-8e06-b6f24efe7983,479.17080400333913
9eb76ae9-856a-4085-9da2-81ed7a96ff4c,true,ad877b74-a08c-4bb4-b79a-ea35b23058fe,1667.9030714376995
9f177210-9bf6-4ef7-b7d6-3f07a3582528,true,b9d9f5bf-c7d7-4593-b54b-d992d99e9e40,408.47454934885695
9f94a2e3-e70a-493a-9fe6-b2d75caba460,true,c3264e93-e36c-47d0-a360-104787b69b91,7354.180205327028
9f965876-7e89-4684-90a7-639f970d3fd2,true,09150d6f-52ac-4e7a-b3cd-9c565f6e1340,9321.703229265147
a0199ecf-545c-44eb-ae0b-ea10b03b3eed,true,a2eea809-cf9b-48e6-a0ec-12d65674ac75,1588.383806592931
a1caa981-8d17-476b-a4f5-09076ff6aad9,true,07876662-9f29-460d-aafd-0d1569c855a3,0.0
a1ceb97e-0d10-47cd-9fb4-6eebb3ba6f18,true,16d2d31e-2d3b-4e7d-a3f9-1b8f76cdb8ca,102.18314519304553
a1e6ff4e-4231-4d22-958e-f179884abaa4,true,6a0c1ce1-370f-4983-a7d7-af0f248dd5ad,1871.178450234753
a1ed7d2e-9832-4222-bf18-93a071236d4e,true,c2dd43e8-0727-45b1-8a66-71caef94eae4,0.0
a2007d26-3085-4688-be31-68fe57fa9fda,true,e9971242-d5a3-4f0a-a84d-5b2c8b5c630e,1067.1613085169677
a2217f87-6254-4d47-b4b8-3c460f82ee51,true,d3f35e96-779f-4248-9f3e-7b43740d8e29,4566.197773632533
a2b9e02b-d6c5-44e0-b196-147b29549a4c,true,3c209b9c-4e2a-43a9-ae10-5ae34d502f36,6058.859297771825
a308c904-4e1c-48fc-9d17-5caafc41a29c,true,684977cf-6a98-40d5-b598-c7d751a4ad15,3763.4934104170393
a31c9de7-34e1-4244-9af8-b1573d27543f,true,d1ee8069-9a96-4380-93b1-ece2de0bed46,106.04465206788527
a4720ca8-b5b3-44bf-ab6e-0e493d88ed70,true,2c258b6b-f0b7-4030-9274-3b9a5cce2d16,48.29969311038338
a48b1e84-f819-4f90-a441-80cf8db23ae8,true,aa1e0a6c-f3ff-477e-b8dd-99fe5729ec59,386.91967332279563
a4a592a5-4ee9-4c86-b916-3945b4de9b61,true,fa124427-bebd-4d73-8980-95bb92b48a06,3474.798065495207
a4f3787e-5b93-4fea-baaa-32eaf42b779e,true,25db7b27-0c6e-441c-9693-111d3dcb6d6f,277.9838452396166
a541552a-2e84-430b-867a-bf2fe423789f,true,ae230964-92b5-4675-86b7-ca5741fb5b89,0.0
a5c9efbf-4555-485b-9350-b5f510e27e05,true,14061531-49fd-4cbe-988d-e90c65a03cd6,4.419943139309903
a64bd8f0-f195-4017-abdc-8e318350eff5,true,86fc5d8c-e959-468a-8f6f-8da98bebdfb5,3234.997569435705
a657368b-8223-4bc9-b1b1-ed6010527aec,true,1f01a6f8-5cc1-4a64-9ee4-72e8bd77c41c,17835.39
a67927c7-dcef-432d-a883-f3c7067bf68a,true,0fc92574-d033-48c0-b8af-ec44cc34edc6,395.6471847511294
a6ef679a-e7f5-4677-bb2f-e5e22d4213f5,true,b910cf84-112e-4c30-8f21-5e91eb2520a7,193.94469840741635
a769eaef-82ef-41b3-b850-528890c2a911,true,ccbc10cf-6336-40c4-ba6d-919678fef125,0.0
a76eaa2e-42b3-4747-9216-e7e49241f12e,true,5658e359-4695-426b-8e69-8082906cddc1,59.803842938404124
a78a9a88-86e1-4465-8be1-eec97b5c66cd,true,b9d9f5bf-c7d7-4593-b54b-d992d99e9e40,388.0508218814141
a7a4074f-a6e9-46b8-a48a-6775d9b90410,true,ad877b74-a08c-4bb4-b79a-ea35b23058fe,1584.5079178658145
a7a49a0b-abfa-4847-8685-cbfcf542212d,true,ed940e96-1a76-4b23-9a57-efd78f193e26,0.0
a8419454-030a-4536-83b1-2b4e884abe51,true,1d86f92a-f7dc-4a3f-bab1-05bb841bc5ff,2293.9778927629204
a86c78d2-aa15-4394-99bc-f89061b710f9,true,a3ea0022-6cb1-4035-a949-1afa26d30cdd,2482.4921396149293
a872429b-c6af-4e3c-b523-73de0a69ed59,true,dbe18445-7b48-4ea9-a02c-dc38fc280fc0,180.56251421730462
a9086d9f-87c9-4f78-8b22-d61e1c035b16,true,0fc92574-d033-48c0-b8af-ec44cc34edc6,316.51774780090346
a95dbb18-b6ca-4b73-a115-d4e71c4f36ea,true,f47e1b07-a794-472c-88b3-9ceeea18c4f5,100.19526691036802
aa4130a2-cf52-470f-935b-f6ec1cc68f3c,true,0fc92574-d033-48c0-b8af-ec44cc34edc6,549.9495868040698
aa7d483e-fe7f-44bd-b1a2-17050a4be922,true,86e57599-b2bf-4949-a359-3c6d3415d1c0,276.79787356706464
ab0c8ac0-81fc-4c69-a28f-2ba8a3e6d7d2,true,fa124427-bebd-4d73-8980-95bb92b48a06,2779.838452396166
ab3f2965-85a3-450a-b873-1aac7e727e8e,true,d8cb94ee-255b-4dc3-9e5b-1f8ca96a4188,9.305326572158004
ac758f86-5512-41ce-a397-e44c4e93c240,true,d8cb94ee-255b-4dc3-9e5b-1f8ca96a4188,8.840060243550104
acff69c6-6632-4d0b-8cb9-986605ea7c88,true,d59881fe-8fc2-4918-8c5b-3654c6d4dcbd,3103.1151745186617
adbaf54e-fdd3-482d-8026-3805936e299c,true,99bc3c56-72ec-4765-b545-1849669f52a8,276.79787356706464
ae16f3bc-0b37-47c4-9fcd-b92bb284c4f4,true,9c28df09-deeb-4cf5-96b0-a724febb284e,5559.676904792332
ae67b71f-81af-4d60-8524-8df41b49969e,true,31bd61c2-b577-4e8a-ac5c-1533da8b38c5,69.08458304604723
ae81917e-13d1-4df5-bd63-c419720e481b,true,8a3605ed-e586-400b-b5b7-95080a8389c7,31.80693053881628
aeb39993-2645-44cc-bee6-600e97e583e3,true,b015beef-7032-46aa-a800-14115eb361c8,11425.891737529673
af3782b0-47c7-4622-87d3-0ba2b9a802a0,true,246683e2-d60f-4173-b804-99f8e3efc48c,2057.3653607058727
afb109e3-0de7-4926-983a-a48982a07ad6,true,be9fde92-8d08-477a-ac08-59c7681d7479,826.9026161298603
afc50fc0-518d-49c6-a999-a5abbfaef221,true,2c258b6b-f0b7-4030-9274-3b9a5cce2d16,34.74798065495207
b02f8be3-0997-4884-9815-79e4553430ab,true,e9971242-d5a3-4f0a-a84d-5b2c8b5c630e,1013.8032430911194
b10ad16b-2dbf-483d-b9ed-84a8f22c754a,true,2996dd56-7be3-48fe-8568-4e55774106f6,65.66232326184846
b1ae74d4-f38c-4b64-a255-299e90034752,true,f2c2c719-eada-46cb-9598-5c8baac0f7a1,77.57787936296654
b2162c6f-6b5d-4971-80a3-4cd1fd5a3974,true,16d2d31e-2d3b-4e7d-a3f9-1b8f76cdb8ca,121.34248491674157
b21aebce-85c3-4ddf-80dc-be0cd444bea4,true,fd078cb6-ee58-47af-af03-842d6824d858,4202.388688758301
b2d3a5c3-f251-4074-9379-8be3a1c131a0,true,1f01a6f8-5cc1-4a64-9ee4-72e8bd77c41c,16570.831748331137
b2e9b28c-b007-468a-98d2-52f72ef8cba5,true,ebe7bf7f-ebb6-4493-b74c-d8c95439bd91,999.2030861950091
b2eb0f93-767f-454f-9558-92c9f09755b6,true,08941121-fd0f-486f-8166-c3dc98ba11b5,269.58313078630874
b4c7bb9d-0cc4-4b86-9431-5ba7ad5ae052,true,3158cecb-6c35-4be0-ab3e-35729c103260,86.86995163738018
b4deee15-993c-45a2-b08b-fd62c8bc96ec,true,6de07e4a-014f-4c28-bc48-19869b5e1c5c,93.09345523555984
b4f35c29-c2ae-46d9-afa0-cd97def40099,true,c897a38d-2756-4768-b138-c248eea4b61b,0.0
b513149f-e21f-4517-ba55-cc19a2d94458,true,86fc5d8c-e959-468a-8f6f-8da98bebdfb5,1780.6042149031737
b5868595-f249-447e-8347-1b0b4b6f5cc1,true,e7197e3a-928b-4450-8a63-5d55aaed01bc,0.0
b597b0b3-43f3-48d5-b963-5f2062feed6a,true,c51cee3d-d3e8-4f6b-b1c5-6d42a2daf57d,22.342429256534363
b5c938fd-bd99-4ccb-b977-34d4b4df7c3e,true,4f239489-870e-4765-b4a9-168f2918b86d,567.1136926131262
b5f61441-e3f2-4910-89f4-8ad49dbc8db0,true,0d7cd4ae-e949-45a8-a39e-189b553ffad0,11119.353809584663
b5faa38b-25e4-4dba-8327-0c1edeb1509f,true,c90b1801-15a8-4f07-9ba7-dcd8f7d57c6b,413.6390465329886
b64fef8a-5fee-4887-b462-8110d65a728d,true,3baa22c5-0176-4c76-80b9-bb1cb78997c1,58.76426687416497
b668da1c-5d6e-4535-a911-3a7109d7ab38,true,0d7cd4ae-e949-45a8-a39e-189b553ffad0,13899.192261980828
b6b5cbce-7c4b-448d-9ef4-90b0a3ec8eca,true,f5c13472-d94c-40e2-b8e0-aefa83629322,1232.8619515190114
b6efb166-c9f3-4683-8e79-e5b73bf04ea6,true,0a794748-7e51-4c0d-a6df-fef8279d7bb6,1085.5860548656722
b768842a-3198-4dd5-8cc9-8dfd7ebbae65,true,1a0dc451-e9b5-4c0f-b88c-89abd2e4e340,1653.083757981645
b805f269-e08f-45ec-acc4-599a586fb404,true,df9fdb3f-f85a-4b95-b9a8-1f381e9f4dc0,175.79307514465054
b85cabe9-8f7e-41c4-8ca8-2236f1be51f5,true,d3f35e96-779f-4248-9f3e-7b43740d8e29,5422.359856188633
b8982e58-250d-48b7-803a-2d31ae11dda3,true,c85d04ff-f7ad-4ec0-bc40-17e6717f6be6,134.9855100915618
b8a91a33-59ac-4e71-a86b-4e834e4166d8,true,c2dd43e8-0727-45b1-8a66-71caef94eae4,0.0
b8a934b4-f2ed-4f3c-8cb4-d957399a937e,true,b2922fd8-f2ab-44f0-9981-80a7190ccafc,0.0
b94a7a25-57e9-45eb-af10-26360d262589,true,d9143615-4455-408e-b65f-e8ab94db1ee3,536.8389251917284
b966cc05-5964-4777-911b-93800f797cb7,true,f6e59778-267f-44a4-8c5f-3611d4306590,9432.0
b9ae9d50-57bf-41dd-b190-9103432a3bbd,true,5f06b322-8fac-408b-ad8e-7fa6841c0f2d,719.3020974534257
b9b2bfd4-06dc-4d06-b649-7b7c692cbb71,true,ed940e96-1a76-4b23-9a57-efd78f193e26,0.0
b9ccfb21-8a49-403e-b30d-782527945d45,true,65ef3cc2-9e4d-4178-a281-45dcaafe46ff,619.1703852716539
ba11145d-85cf-488f-83d7-5941e810b43a,true,08941121-fd0f-486f-8166-c3dc98ba11b5,193.94469840741635
bb25c5a5-129c-4268-9892-b935d2bb0a15,true,0a794748-7e51-4c0d-a6df-fef8279d7bb6,914.1777304131977
bb93c433-f057-47cd-9534-f6100d9d8664,true,b1748f34-0eab-4c42-b8b2-4339027107a4,96.59938622076676
bbaee53d-1565-45b8-9621-30ae37a7c3b7,true,1f01a6f8-5cc1-4a64-9ee4-72e8bd77c41c,24245.74329492661
bc0f30b9-a616-41d0-b5d0-20fed8c9c3e4,true,6f57843f-190c-4583-844e-60ea2b7c581c,174.55022856667472
bc5aa01b-30b0-46df-b33a-e1a4889e03ce,true,1b782273-fb4a-4055-8227-5543f3d14653,5723.83385004395
bcf749d8-bb88-4ce2-abef-8f2741995fb1,true,c897a38d-2756-4768-b138-c248eea4b61b,0.0
bd1ae652-1cf1-4d2d-a015-892ad5deafb2,true,d3d8299f-d23c-4a3f-b06f-af6aa1af62ed,33.01058162220447
bd4e4ba1-8142-4d7b-9791-a5bf3f2cb50f,true,b85fa894-0c23-4f3a-b613-62dd3ce9ab1e,0.6354705784319682
bdfd5995-1259-4223-aeeb-9dc0088c74aa,true,520ed4bd-2f25-49f2-a108-5cd725e83688,416.9757678594249
bec0ea3e-0baf-414c-95b8-d3d374bdb7a7,true,21eda709-ec1e-4ab5-8e15-6499abde3f31,31.271643171211814
bfd38828-6cd3-4161-a424-c46809a25abb,true,97e917dd-bed2-4b86-b3e0-7688a5f42bf8,1439.0696621830293
bfe4f903-acb4-4da4-992a-18ed513e7107,true,d8cb94ee-255b-4dc3-9e5b-1f8ca96a4188,12.934403935299626
c006ee75-6653-4f4b-bfd4-2c284129cb0f,true,1d86f92a-f7dc-4a3f-bab1-05bb841bc5ff,3188.6292709404597
c08e600a-fb61-47ca-b57b-7c298bdbc8e8,true,cf8344cf-6080-41bf-be14-1a0bf1637362,1931.9877244153352
c0c36899-51b5-45a0-9442-907eb55e560d,true,a3ea0022-6cb1-4035-a949-1afa26d30cdd,4313.33009258094
c15f119a-496c-4fce-965d-d4e6b75d2c1c,true,f4e166f2-3b20-4b01-ad01-99a025a5013a,289.78849872367823
c25633bc-8d4a-4ad7-96de-39bb066bae26,true,b1748f34-0eab-4c42-b8b2-4339027107a4,69.49596130990415
c25635da-bab3-4668-9bd8-6d4d4855ad21,true,89c34c4b-5f2f-4df8-b05c-9f62af952caf,138.29696300670923
c27e4365-81ea-4ea9-a40f-e8d75de5ee5a,true,f5c13472-d94c-40e2-b8e0-aefa83629322,1464.023567428826
c2ecca85-43a9-4aee-a1ed-e47bb2899faa,true,86fc5d8c-e959-468a-8f6f-8da98bebdfb5,1861.869104711197
c309e064-9308-4a85-afed-f804aff6b2f4,true,bb9767d3-3634-4051-b143-c00d0b233fb5,1931.9877244153352
c3580f37-2703-4420-8a33-93aef56eb890,true,b4d11fea-f42a-4528-b35c-74cc5a1234d2,0.0
c37dd6e1-b6da-411b-8554-7b64fe8a23b5,true,5f06b322-8fac-408b-ad8e-7fa6841c0f2d,1249.7873943253273
c37ed747-89ed-40fa-b1d6-4539cf529cb3,true,2e14808e-2cf0-4adf-aa6f-58711a3ebded,2048.8317939759463
c385b47d-553e-401d-b40f-d1bc5d133924,true,71c68e75-cdf2-499e-baac-a626c55159c3,10.783325231452348
c3ba40b8-1a07-49ba-b4fd-2caa4036a53e,true,ad16cee4-f6ae-499f-ad2c-c6d2ca209099,69.49596130990415
c4d5f6b6-459d-4304-9dab-3c83d5436bf8,true,6ea2b283-3c7a-456c-a6ad-addcc9f20e13,25.445544431053026
c544f735-9eaa-49c5-93b4-4dd25a2a58ce,true,df9fdb3f-f85a-4b95-b9a8-1f381e9f4dc0,269.58313078630874
c5a98a04-8311-454f-bf8b-3eb02de8799c,true,6cc5c32d-0d2b-4dc6-8f4c-ad8523e30510,0.0
c5aac971-1ffc-44c9-bf15-e090e4d4228c,true,0ebe6708-0b9f-44d9-9db5-684ecdb75291,5476.2377600381615
c62b4417-a004-40cc-9074-83f06cb7560a,true,bb9767d3-3634-4051-b143-c00d0b233fb5,1111.9353809584663
c684cd19-34d3-405c-96d5-9ee68717daba,true,fa124427-bebd-4d73-8980-95bb92b48a06,4829.969311038338
c6a4673e-81de-4892-81f9-53cca2017504,true,df9fdb3f-f85a-4b95-b9a8-1f381e9f4dc0,244.35237445106424
c6c1625e-925e-487c-a1c5-efc7dcb1e1f2,true,49062032-e704-4906-9a06-35f1a9a41c6c,526.7538008745428
c77c0747-efa6-4f65-a231-b861ba561b21,true,b8126bab-1568-4eb8-84d3-fc2ec8f6789c,17.720847832953407
c7de4a83-cc73-4a44-aebf-2534722ec16c,true,5658e359-4695-426b-8e69-8082906cddc1,34.41947795016065
c8041ffa-6ad8-449a-a9be-7138e4521b3f,true,df9fdb3f-f85a-4b95-b9a8-1f381e9f4dc0,184.24746348704554
c84a5f2c-ae71-43fd-95fb-18b5d1704f42,true,97e917dd-bed2-4b86-b3e0-7688a5f42bf8,1367.116179073878
c910f873-2df8-4536-b38b-2f1441433805,true,0a794748-7e51-4c0d-a6df-fef8279d7bb6,1142.7221630164972
c91e6c25-7206-43ec-ab0b-a0b52fd8729e,true,71c68e75-cdf2-499e-baac-a626c55159c3,6.206230349037323
c945cbef-19ee-4884-ae20-fc1e721bfe07,true,28e07a37-6317-489a-8d8b-fada1c7061b2,61.72735069396957
ca6df194-38b8-49c5-ad1e-1c335facaf42,true,97e917dd-bed2-4b86-b3e0-7688a5f42bf8,1151.2557297464234
cb5704bc-da0f-44aa-b89c-7a8baedabe72,true,26369526-3800-426b-b13e-1268f6c259b9,327.4908372684692
cb6b9628-46d2-4648-9f03-8ed67e4d63e4,true,6914d8f3-2ecb-40ec-a907-88ba10f0840e,5.941904691996804
cbdf90bd-44b1-46e9-abb0-35848a843c8d,true,7ca13ac9-0847-4195-b919-db6981ee4d1d,439.0598937516304
cc340946-8216-46a3-af6b-dce26460fee1,true,0a794748-7e51-4c0d-a6df-fef8279d7bb6,1588.383806592931
cc36c39e-4dd3-48ee-99bb-785ba85295ae,true,c85d04ff-f7ad-4ec0-bc40-17e6717f6be6,128.2362345869837
cc7120e6-cf2a-4e4f-afd2-a00df8bbb72b,true,9c28df09-deeb-4cf5-96b0-a724febb284e,9659.938622076676
ccf87ae9-be8d-485d-bf47-6daf672df8ce,true,07876662-9f29-460d-aafd-0d1569c855a3,0.0
ce25d938-b363-40fb-a18b-ae3cd694b100,true,ccbc10cf-6336-40c4-ba6d-919678fef125,0.0
ce5a06ea-fbd5-478d-a5a5-b3df62b1dfd3,true,b2da8285-0ce6-43fc-80ea-bada4f8477b1,297.8990567537915
ce6b284c-e2d1-4156-82c3-9a96178fdc86,true,b4d11fea-f42a-4528-b35c-74cc5a1234d2,0.0
ce6db323-6dbe-4a34-bd51-3ae23cf520be,true,e44d3bee-70a0-45ea-9e30-ea00d131896c,78.79478791421815
ce9eef45-8fe3-4486-8dce-2844cbeef988,true,14061531-49fd-4cbe-988d-e90c65a03cd6,7.727278492040119
cf59ffa5-1222-4841-be9a-f716f5366dfd,true,a7699297-b15a-4e94-893e-ce3165fc6d95,121.03504469988302
cffae67d-3c3b-48cb-b9cc-20b94e84b072,true,b2922fd8-f2ab-44f0-9981-80a7190ccafc,0.0
d0066ce9-ef01-45ff-b840-e8d1e064dc45,true,26369526-3800-426b-b13e-1268f6c259b9,275.78175769976355
d09c0aed-ecc6-47da-8dcf-1701d942803e,true,49062032-e704-4906-9a06-35f1a9a41c6c,421.40304069963423
d0d95230-a652-4016-b34e-e9598710aece,true,c897a38d-2756-4768-b138-c248eea4b61b,0.0
d11028a0-2302-4b0b-a258-5944743182e4,true,ff04bac3-0a00-4294-b4a1-0e4d757162d0,3283.116163092423
d1118dd0-1804-402a-8201-d2588f82ccfd,true,07876662-9f29-460d-aafd-0d1569c855a3,1.078332523145235
d115d8c5-f4dd-4e1f-9690-c7128bbd8026,true,97e917dd-bed2-4b86-b3e0-7688a5f42bf8,2000.3068304344108
d15151bd-6697-4d49-bbea-59ff4825e771,true,529018e6-e364-460e-8e06-b6f24efe7983,344.7271971247044
d1a5a5aa-4a24-4d7f-a97a-9e994d7f9d27,true,8ea0a884-19aa-433e-969e-f4dcaa230d8c,55.59676904792332
d1d67941-ee2d-46e9-8751-e85c22cfae59,true,65ef3cc2-9e4d-4178-a281-45dcaafe46ff,651.7583002859516
d23a8891-54fa-413c-bd58-2a2c618b73c9,true,e7197e3a-928b-4450-8a63-5d55aaed01bc,0.0
d25469d0-0720-47f8-81b3-526c9f69b753,true,ccabda91-ebe9-4f31-b4c4-0a9067ac6cfd,147.74022733915902
d2da150a-7eea-4e31-b923-c985f422c6d4,true,d77deebb-445c-43f5-864d-a3a965603779,1367.116179073878
d3010059-9b26-43eb-8e34-7771b04072f3,true,be9fde92-8d08-477a-ac08-59c7681d7479,1209.8890909689535
d30990cf-567b-4053-996d-aa006ab9c0fa,true,4bf809ab-8d54-4e26-99ec-e58d523ee991,55.59676904792332
d35d868c-7a85-4562-9612-6251b7be3e17,true,be9fde92-8d08-477a-ac08-59c7681d7479,696.3390451619877
d3f1aaa8-1c83-43c1-934f-1a62a97e1413,true,b85fa894-0c23-4f3a-b613-62dd3ce9ab1e,0.7757787936296654
d416a16e-2bec-4223-a2ca-62cbac29872b,true,a3ea0022-6cb1-4035-a949-1afa26d30cdd,2947.9594157927286
d4e6af61-e385-4fa6-aa73-835dfeb89396,true,13277d5a-fba5-4d83-98b6-606fe635c459,68.8010016968051
d5140157-19db-4d63-930e-5cc58fabdb2c,true,4bd73b73-164b-4de1-9652-5deaf5e153a0,193.19877244153352
d58d6de7-f6f4-46dc-8770-2fdf91ad0ed7,true,d59881fe-8fc2-4918-8c5b-3654c6d4dcbd,3878.893968148327
d5e6d84b-721c-453c-bb3d-f221780b4082,true,fd078cb6-ee58-47af-af03-842d6824d858,4990.336567900483
d5f3a37e-294e-4340-98c8-d7a50b90ba42,true,31bd61c2-b577-4e8a-ac5c-1533da8b38c5,72.72061373268129
d645546d-b3d8-40c8-b833-2927b016731d,true,3baa22c5-0176-4c76-80b9-bb1cb78997c1,63.51
d65a9ca5-201b-412a-af56-2f366fb65fda,true,246683e2-d60f-4173-b804-99f8e3efc48c,1954.497092670579
d6713714-f315-47e7-967b-05df2b3a269f,true,14061531-49fd-4cbe-988d-e90c65a03cd6,5.248682477930511
d67ca5bb-558c-4f1d-b630-88223cd20f62,true,684977cf-6a98-40d5-b598-c7d751a4ad15,2876.5903363625125
d6bb116e-06ca-4883-923e-2e7e1866dd8f,true,d3f35e96-779f-4248-9f3e-7b43740d8e29,5707.747217040666
d7cbaf7f-b269-4295-80d0-a973d6bb5214,true,cfc294d3-e2da-4b78-a134-1dcea59a5a5f,0.0
d8d136c5-4c89-4055-9505-8e03a13ed3cd,true,b2da8285-0ce6-43fc-80ea-bada4f8477b1,353.7551298951274
d9ec4b3e-b8fd-4732-8e93-1e610c468f51,true,b2922fd8-f2ab-44f0-9981-80a7190ccafc,0.0
d9f99279-a323-417a-8b10-f529995a4837,true,ad16cee4-f6ae-499f-ad2c-c6d2ca209099,66.02116324440894
da44861a-3c7d-46f1-a68f-35cc7487c5fb,true,b2da8285-0ce6-43fc-80ea-bada4f8477b1,517.5996111097128
da784ab1-054e-48bc-88a4-a5e264a29712,true,3ccdb690-945b-482e-b410-ba198a0fec16,138.9919226198083
da94bf84-da92-4e16-ac1c-8a8adc507877,true,23a5d1f6-3a22-4ffb-b1d0-c9503cbee101,72.72061373268129
dbe53ff9-bc07-4723-b8e0-0497578034db,true,577b5e0f-ac57-4b45-988f-6d0a1981931e,415.81743338550064
dbe58cf5-40d7-4772-8d52-4561493cf9d6,true,1f01a6f8-5cc1-4a64-9ee4-72e8bd77c41c,10264.97
dbf35f7b-5cc7-485d-a5b3-c4dd883b0d2d,true,94245935-d5c1-4a0c-b5e5-2c4f5681bef4,196.27203478830535
dcdc688b-35be-418a-a869-556208e119d9,true,5d1e7e82-762c-4e8c-b42b-55f359cfa194,57.78851082002269
dd28cff0-fb89-4722-9c6c-8c6331e2e4be,true,b5da7a1b-c9b3-4930-8751-c84b3dbbeb44,316.7543198304266
dda041e0-45a0-4004-8a6f-870957083591,true,77c52334-ba57-424f-9601-39be9ba05af4,10405.461541897825
ddb3f201-4b77-4715-a57d-1fe9624897ae,true,97663e7e-9b19-4b94-85c9-2d51cc8f85a3,221.09695618445463
ddb59083-7b90-4819-b08d-87a81f69773e,true,9d2008f6-90ec-4586-8ddd-926e12387d4a,0.0
de441043-cdbf-4797-b484-e3bf201c8cd2,true,3c209b9c-4e2a-43a9-ae10-5ae34d502f36,4140.947002074269
de8d1ab0-815f-4113-81d7-9b4924b90eeb,true,ccabda91-ebe9-4f31-b4c4-0a9067ac6cfd,140.35321597220107
df5cdd79-e546-4265-94c7-9160ea941fb7,true,1a0dc451-e9b5-4c0f-b88c-89abd2e4e340,1129.805446102563
dfb28e2b-f4aa-47f5-aee5-bbaf99f20c4f,true,3baa22c5-0176-4c76-80b9-bb1cb78997c1,50.81
e074b030-0e40-4318-88f3-a0c10f8861a9,true,6914d8f3-2ecb-40ec-a907-88ba10f0840e,8.693944759869009
e0f86b57-2580-478f-b21d-df0082e09f33,true,9d2008f6-90ec-4586-8ddd-926e12387d4a,0.0
e19ba28d-adf4-4377-8b31-b8f77d506849,true,11ca7378-2abe-43ce-91f6-219517693f92,694.9596130990415
e1d29bc8-d796-441a-ac56-51ded02fce83,true,77c52334-ba57-424f-9601-39be9ba05af4,10953.117412524025
e1fb4d38-3460-4c7e-ade0-6be288fa2ab4,true,f0665029-ea40-4659-9685-afc8ad1d0c66,3703.6571970872624
e211abe9-8df1-423c-bad1-cdb9c8698d33,true,b5bd5af3-8d58-4036-b6f2-1490a403e9db,3283.116163092423
e2cece01-80c4-4ad5-a664-f11edd93f67d,true,ad877b74-a08c-4bb4-b79a-ea35b23058fe,2318.3852692984024
e300aebb-dba3-40b9-96d5-1a411b0792b6,true,4bd73b73-164b-4de1-9652-5deaf5e153a0,138.9919226198083
e316cb6b-97c4-45a8-b84c-5099835dbf56,true,157fa578-37a3-485f-8aaf-f2451856f5dc,111.19353809584663
e32ff5b2-abdb-401e-92bc-2e015114fb30,true,9b704240-1e2c-4dca-ae74-35ec4780f5a0,1250.9273035782746
e35c09be-3765-4f89-b317-542d20202029,true,5f06b322-8fac-408b-ad8e-7fa6841c0f2d,899.1276218167822
e416cdf7-2fa3-4bc7-978c-c14912efce20,true,5658e359-4695-426b-8e69-8082906cddc1,43.024347437700804
e41c1dfe-ce32-423a-89e1-901fd7a8f2ad,true,30e18f18-cd57-4e0b-a277-da3d6b321b26,10424.394196485622
e4ad4538-d122-4709-913c-296d8eefd340,true,f4e166f2-3b20-4b01-ad01-99a025a5013a,198.05688761690237
e59d44f7-1ebb-4494-8e61-9e012fd03289,true,07876662-9f29-460d-aafd-0d1569c855a3,0.0
e621c4ca-21c3-40f7-8d95-b8e3283fa4be,true,c51cee3d-d3e8-4f6b-b1c5-6d42a2daf57d,26.531634742134557
e64da324-c968-44b6-91ba-3563ad16603b,true,b85fa894-0c23-4f3a-b613-62dd3ce9ab1e,0.5351331186795522
e65f9d64-c401-4be6-8a29-c6d10fe775aa,true,037b04ae-6bf7-40ee-b4e2-b377aaf4cdae,1320.4232648881787
e6c2ef19-da36-4fe8-9992-b99b81807bf6,true,d3d8299f-d23c-4a3f-b06f-af6aa1af62ed,34.74798065495207
e6dcc13e-3c19-4eec-acbb-11ad89b85376,true,1f01a6f8-5cc1-4a64-9ee4-72e8bd77c41c,12189.65
e6f61e22-f21e-4392-baf2-980f4094da0d,true,012bd897-d0d3-4e2b-b469-66c997715887,221.83110850121403
e7505e95-b98d-40b4-af93-731c701927de,true,1a0dc451-e9b5-4c0f-b88c-89abd2e4e340,1189.268890634277
e7d71710-d2de-4d8d-84ba-e5074d8929d8,true,7ffb0758-e252-4c9f-a34d-00c2a1688c77,4596.3626283293925
e7eca4b6-2a23-4497-9251-66fda95b93ee,true,b1748f34-0eab-4c42-b8b2-4339027107a4,66.02116324440894
e8468e5b-ef00-4b6f-9942-b76869da85d5,true,b5da7a1b-c9b3-4930-8751-c84b3dbbeb44,440.28850456429296
e890161f-624e-41eb-bd2a-128e05f007d0,true,df9fdb3f-f85a-4b95-b9a8-1f381e9f4dc0,193.94469840741635
e8d9b3a3-fd1d-4743-aadb-716976e8e256,true,684977cf-6a98-40d5-b598-c7d751a4ad15,4998.075709429866
e91783cc-08b9-481b-9c38-cb4502cb12af,true,d590b4f8-a1c1-4324-9fd8-4c67b2445901,18870.819155041612
e9761720-a7f6-4ef3-bc61-9866ee84c011,true,0fc92574-d033-48c0-b8af-ec44cc34edc6,375.8648255135729
ea2c18cf-938b-4fa6-8dfd-5dc6a9376f40,true,0f9efac7-7931-4c8e-959d-e2dd82533c7a,826.9026161298603
eaefe9a8-f3ac-4479-823f-f9ec71faa7a8,true,1d86f92a-f7dc-4a3f-bab1-05bb841bc5ff,1835.1823142103365
eb6b6ba5-f14c-46d4-bea4-64ad2fe4701c,true,e44d3bee-70a0-45ea-9e30-ea00d131896c,136.90594400095404
ebc1616c-63e1-4683-ab48-96e09a6a6c55,true,b1748f34-0eab-4c42-b8b2-4339027107a4,55.59676904792332
ebcbb77d-31f4-49d4-8e8a-83df61aaa74c,true,b5da7a1b-c9b3-4930-8751-c84b3dbbeb44,253.40345586434128
ec3ad079-2538-467a-8129-148311b40708,true,5d1e7e82-762c-4e8c-b42b-55f359cfa194,84.55371583140162
ecc8aaae-735b-49d7-8d38-5a0e330a17bf,true,89c34c4b-5f2f-4df8-b05c-9f62af952caf,192.23277857932584
ed263821-f8e0-43bc-8804-8813e7a98944,true,5cc4046d-30b6-4320-a6a1-2e86ee77519e,1613.619890749704
edc4d285-2e91-40ca-aa51-59bf4e6f604b,true,0f9efac7-7931-4c8e-959d-e2dd82533c7a,870.4238064524845
ee3009bf-a1ca-4a11-87ed-e82bb3086084,true,e8b0ffbd-40de-43a1-9527-72bf03b2eb04,0.0
eec4479a-41c0-4975-8688-a239755a6790,true,c196df96-6816-472c-a105-52e067d8cf48,2859.737851381163
eed3c3b1-12df-4c8b-b50b-5353eb9f97ee,true,9933736e-33df-4a04-b3e1-8b46f1e65187,96.59938622076676
eeea76c2-f5b7-46d7-ad02-9d742b214744,true,c3264e93-e36c-47d0-a360-104787b69b91,12777.88810675571
eefe3b82-7436-4036-9cbd-5f2626aa1a6d,true,520ed4bd-2f25-49f2-a108-5cd725e83688,396.12697946645363
efaad4f0-600d-429f-8332-2f7562cceb81,true,aa1e0a6c-f3ff-477e-b8dd-99fe5729ec59,566.1245746512483
f0d84c2e-cebd-49b1-80e0-3cdb87a6eaed,true,86fc5d8c-e959-468a-8f6f-8da98bebdfb5,3093.799823394264
f11f6a3a-934f-4704-96bf-3d6e3b38b940,true,d8cb94ee-255b-4dc3-9e5b-1f8ca96a4188,14.489907933115013
f122be56-978f-47a5-9396-408acabe3f2d,true,b2c70e87-7f1a-4b3b-aa05-b3ec065968ac,224.78190545419554
f17c69ff-d1fe-4d74-996e-70e7d326d4d9,true,3ccdb690-945b-482e-b410-ba198a0fec16,111.19353809584663
f1dd9a41-b421-43bc-9805-9740a82a93b3,true,cd1f7f41-ad40-46ec-9303-6bee586c2890,17.574245146989767
f1df71c1-6230-4e9c-b61a-426b8943e3f6,true,7ca13ac9-0847-4195-b919-db6981ee4d1d,351.2479150013043
f1e0d9bd-e34a-4c4f-ab60-2a5185912bbc,true,6de07e4a-014f-4c28-bc48-19869b5e1c5c,161.74987847178522
f20c226c-dce3-4972-bc6b-6f7b23d57d83,true,6b7122c2-c3b8-42ce-9c75-070578c6970a,193.94469840741635
f2a84b46-4c6f-4099-ad70-3fe8769e3217,true,9b704240-1e2c-4dca-ae74-35ec4780f5a0,1000.7418428626197
f33450f8-1d9c-4cac-80c3-5af9fcd0e3fc,true,cfc294d3-e2da-4b78-a134-1dcea59a5a5f,0.0
f3d42dda-3633-467f-8502-f77f79a77812,true,5fbdb93a-bb7f-41cb-9cfa-0d9bf2acead3,1584.5079178658145
f410b220-c206-4d8f-9156-7308edbd17d8,true,a2eea809-cf9b-48e6-a0ec-12d65674ac75,1142.7221630164972
f4cda108-de15-4fc2-855e-a3daed066012,true,c90b1801-15a8-4f07-9ba7-dcd8f7d57c6b,517.0488081662357
f5e0517e-37d0-4e48-aed0-2ed41d62b869,true,6914d8f3-2ecb-40ec-a907-88ba10f0840e,5.003709214313099
f5f8a207-7d40-4256-a0fd-78f1d82db7b5,true,1f01a6f8-5cc1-4a64-9ee4-72e8bd77c41c,12831.21
f62a009e-415b-4e0d-a0ef-1e733dab47af,true,d3d8299f-d23c-4a3f-b06f-af6aa1af62ed,48.29969311038338
f6b3fb7c-a493-4ebf-ae6c-d4d9928e2ce4,true,1b782273-fb4a-4055-8227-5543f3d14653,8374.872685853781
f6e20fa4-7444-4b9c-9669-4243eb3d0416,true,14061531-49fd-4cbe-988d-e90c65a03cd6,5.524928924137379
f7110595-8e73-48d0-90be-8863d65d262b,true,b910cf84-112e-4c30-8f21-5e91eb2520a7,269.58313078630874
f71e48a0-a7cb-4b67-b75c-927277e03999,true,7d161a9f-d264-4029-b048-343fd39e2bbe,0.0
f7239759-4252-41d7-bcef-593691dce8fd,true,14061531-49fd-4cbe-988d-e90c65a03cd6,5.281233501754039
f7511ca7-6709-4dfd-9449-79b8d0b29bef,true,0d7cd4ae-e949-45a8-a39e-189b553ffad0,13204.232648881787
f765d9b9-43a1-4aac-a76a-0cee4ef1cca4,true,676df48b-fc9f-429e-895a-7ddb0594fce5,694.9596130990415
f7fd45bf-ec2f-4e4c-a364-9f02b87e2650,true,d3f35e96-779f-4248-9f3e-7b43740d8e29,7933.7686316865265
f8f8482a-49be-455b-b65b-36638fb17402,true,df9fdb3f-f85a-4b95-b9a8-1f381e9f4dc0,155.15575872593308
f9c23b0a-5f0f-4655-97c4-b646f52cdbd3,true,7b9b2a53-84bb-4633-9b1f-8af7618b5903,0.7775522047094949
fa1f8e0b-9cbf-4826-b0d7-cb19c6e5d84f,true,4f239489-870e-4765-b4a9-168f2918b86d,829.7768765602583
fa4f7f43-d4fb-4ad8-b1e2-ac16cd56cf94,true,d3f35e96-779f-4248-9f3e-7b43740d8e29,5547.857529572104
fa51f96d-2bc6-44a4-a33b-82656dc7a3d4,true,30e18f18-cd57-4e0b-a277-da3d6b321b26,14489.907933115013
fb7eb82e-cb7d-4687-a126-dbf1dbedca41,true,7ffb0758-e252-4c9f-a34d-00c2a1688c77,6388.944053377855
fba88dfe-e6b9-46eb-b9b7-cb1a2463fd58,true,676df48b-fc9f-429e-895a-7ddb0594fce5,965.9938622076676
fbebed09-f1d8-4501-9b4a-22a2ed5f8bb6,true,a7699297-b15a-4e94-893e-ce3165fc6d95,168.2387121328374
fbfba442-8333-4423-9b16-dd35a49e335b,true,d77deebb-445c-43f5-864d-a3a965603779,1439.0696621830293
fc6e7a3f-d42d-4dc1-91b2-e69457d043d9,true,5cc4046d-30b6-4320-a6a1-2e86ee77519e,1916.1736202652735
fd1d819d-02d8-4101-bfbf-397c9cde0d3a,true,421f1286-ce81-46c5-b0c9-0f102b261584,2318.3852692984024
fd2404d8-12a5-4dac-8ba0-ed7c1d8b4bbd,true,cd1f7f41-ad40-46ec-9303-6bee586c2890,18.499205417883964
fd3fd4f4-8eca-4116-a3d6-c4763cb1f739,true,a3ea0022-6cb1-4035-a949-1afa26d30cdd,3103.1151745186617
fddb913b-625c-4e32-83c2-7a14c5440bc9,true,b85fa894-0c23-4f3a-b613-62dd3ce9ab1e,0.6206230349037323
fe481c43-53a1-4ec4-9fbc-f60dd03a3e80,true,c6b7ca6e-3d9d-4feb-8691-5a1d0291b8c1,2654.8141446105897
fe6abfa5-4024-472c-95ad-8ecfc52c8bce,true,645cd05d-139f-48e0-a1d3-fdfacd5e5edb,58.11993426487326
fe72e49a-42b4-41f2-934c-0e6d5ffcc270,true,d9143615-4455-408e-b65f-e8ab94db1ee3,932.7576325206282
fe996882-09a4-4eac-889e-5155e3383739,true,dfe4cda0-8022-40c4-9d1b-be340598fb09,171.45487118009234
feb3eb0b-56d4-4144-b720-4581a536b88f,true,89c34c4b-5f2f-4df8-b05c-9f62af952caf,110.6375704053674
ff0f3d60-b04b-4125-a34c-56bd9517cbe8,true,137b6409-9a0d-4631-8f34-679074507c06,193.94469840741635
ff519614-b863-4e31-88d8-4a2d4e2a1bd3,true,9933736e-33df-4a04-b3e1-8b46f1e65187,66.02116324440894
ffa394f7-e7bd-4ee2-aabe-022016966531,true,5065570a-e7fc-4213-b800-3c86fbef8e17,2136.53358659578
ffe4fc8b-6b6c-4062-8934-7b2458dc539d,true,de4428ad-11ad-4d02-b5b7-65529e3ed69b,637.4962236651776
ffec1543-06cd-4a9c-848e-ef0b0696761c,true,11ca7378-2abe-43ce-91f6-219517693f92,965.9938622076676
